candidate_id,asset,timeframe,entry_time,exit_time,direction,entry_price,exit_price,gross_return_pct,net_return_pct,holding_bars
CANDIDATE_007,BTCUSDT,1D,2020-05-11 00:00:00+00:00,2020-05-14 00:00:00+00:00,long,8723.23,9305.91,6.67963586882383,6.55963586882383,3
CANDIDATE_007,BTCUSDT,1D,2020-05-21 00:00:00+00:00,2020-05-28 00:00:00+00:00,long,9508.0,9197.32,-3.2675641564997915,-3.3875641564997916,7
CANDIDATE_007,BTCUSDT,1D,2020-06-01 00:00:00+00:00,2020-06-05 00:00:00+00:00,long,9446.49,9788.32,3.618592725975467,3.4985927259754668,4
CANDIDATE_007,BTCUSDT,1D,2020-06-12 00:00:00+00:00,2020-06-16 00:00:00+00:00,long,9277.72,9422.01,1.555231242158639,1.4352312421586388,4
CANDIDATE_007,BTCUSDT,1D,2020-06-19 00:00:00+00:00,2020-06-23 00:00:00+00:00,long,9381.99,9686.99,3.2509094552435114,3.1309094552435113,4
CANDIDATE_007,BTCUSDT,1D,2020-08-03 00:00:00+00:00,2020-08-06 00:00:00+00:00,long,11080.7,11752.5,6.062793866813454,5.942793866813454,3
CANDIDATE_007,BTCUSDT,1D,2020-08-10 00:00:00+00:00,2020-08-14 00:00:00+00:00,long,11685.99,11790.0,0.8900401249701595,0.7700401249701595,4
CANDIDATE_007,BTCUSDT,1D,2020-08-19 00:00:00+00:00,2020-08-25 00:00:00+00:00,long,11962.03,11753.29,-1.7450215389862689,-1.865021538986269,6
CANDIDATE_007,BTCUSDT,1D,2020-09-03 00:00:00+00:00,2020-09-08 00:00:00+00:00,long,11396.44,10379.3,-8.925067828198996,-9.045067828198995,5
CANDIDATE_007,BTCUSDT,1D,2020-10-17 00:00:00+00:00,2020-10-19 00:00:00+00:00,long,11319.51,11501.5,1.607755106007236,1.4877551060072358,2
CANDIDATE_007,BTCUSDT,1D,2020-11-03 00:00:00+00:00,2020-11-05 00:00:00+00:00,long,13541.55,14134.32,4.37741617466243,4.2574161746624295,2
CANDIDATE_007,BTCUSDT,1D,2020-11-08 00:00:00+00:00,2020-11-12 00:00:00+00:00,long,14824.33,15690.24,5.841140881240503,5.721140881240503,4
CANDIDATE_007,BTCUSDT,1D,2020-11-16 00:00:00+00:00,2020-11-18 00:00:00+00:00,long,15951.93,17670.01,10.770358194901796,10.650358194901797,2
CANDIDATE_007,BTCUSDT,1D,2020-11-24 00:00:00+00:00,2020-11-26 00:00:00+00:00,long,18382.07,18741.66,1.9561997098259454,1.8361997098259453,2
CANDIDATE_007,BTCUSDT,1D,2020-12-05 00:00:00+00:00,2020-12-07 00:00:00+00:00,long,18662.72,19375.0,3.8165926510176362,3.696592651017636,2
CANDIDATE_007,BTCUSDT,1D,2020-12-09 00:00:00+00:00,2020-12-13 00:00:00+00:00,long,18319.33,18800.0,2.6238405007170007,2.5038405007170006,4
CANDIDATE_007,BTCUSDT,1D,2020-12-22 00:00:00+00:00,2020-12-25 00:00:00+00:00,long,22736.05,23738.75,4.410176789723819,4.2901767897238186,3
CANDIDATE_007,BTCUSDT,1D,2021-01-11 00:00:00+00:00,2021-01-14 00:00:00+00:00,long,38200.01,37416.34,-2.051491609557188,-2.171491609557188,3
CANDIDATE_007,BTCUSDT,1D,2021-01-17 00:00:00+00:00,2021-01-26 00:00:00+00:00,long,36025.65,32253.68,-10.470234402432709,-10.590234402432708,9
CANDIDATE_007,BTCUSDT,1D,2021-01-28 00:00:00+00:00,2021-01-30 00:00:00+00:00,long,30382.96,34267.04,12.783744572615706,12.663744572615707,2
CANDIDATE_007,BTCUSDT,1D,2021-02-02 00:00:00+00:00,2021-02-04 00:00:00+00:00,long,33546.08,37651.92,12.239403232806922,12.119403232806922,2
CANDIDATE_007,BTCUSDT,1D,2021-02-23 00:00:00+00:00,2021-03-02 00:00:00+00:00,long,54125.55,49594.99,-8.370464595740835,-8.490464595740834,7
CANDIDATE_007,BTCUSDT,1D,2021-03-05 00:00:00+00:00,2021-03-08 00:00:00+00:00,long,48385.77,50991.35,5.385012990389537,5.265012990389537,3
CANDIDATE_007,BTCUSDT,1D,2021-03-16 00:00:00+00:00,2021-03-18 00:00:00+00:00,long,55646.61,58959.01,5.952563866873484,5.832563866873484,2
CANDIDATE_007,BTCUSDT,1D,2021-03-22 00:00:00+00:00,2021-03-27 00:00:00+00:00,long,57415.19,55030.0,-4.15428390988517,-4.27428390988517,5
CANDIDATE_007,BTCUSDT,1D,2021-04-04 00:00:00+00:00,2021-04-06 00:00:00+00:00,long,57134.65,59243.4,3.6908425972680403,3.57084259726804,2
CANDIDATE_007,BTCUSDT,1D,2021-04-17 00:00:00+00:00,2021-04-27 00:00:00+00:00,long,61424.67,53984.34,-12.112934428463351,-12.23293442846335,10
CANDIDATE_007,BTCUSDT,1D,2021-08-17 00:00:00+00:00,2021-08-20 00:00:00+00:00,long,45926.23,46772.0,1.8415837746751595,1.7215837746751594,3
CANDIDATE_007,BTCUSDT,1D,2021-08-25 00:00:00+00:00,2021-08-28 00:00:00+00:00,long,47719.37,49082.13,2.8557795293609134,2.7357795293609133,3
CANDIDATE_007,BTCUSDT,1D,2021-08-31 00:00:00+00:00,2021-09-02 00:00:00+00:00,long,47024.69,48842.93,3.8665645642746327,3.7465645642746326,2
CANDIDATE_007,BTCUSDT,1D,2021-09-08 00:00:00+00:00,2021-09-13 00:00:00+00:00,long,46864.38,46048.02,-1.7419626590600368,-1.8619626590600369,5
CANDIDATE_007,BTCUSDT,1D,2021-09-20 00:00:00+00:00,2021-09-24 00:00:00+00:00,long,47256.92,44828.29,-5.13920500955204,-5.25920500955204,4
CANDIDATE_007,BTCUSDT,1D,2021-10-22 00:00:00+00:00,2021-10-26 00:00:00+00:00,long,62260.33,63129.25,1.3956238266003451,1.275623826600345,4
CANDIDATE_007,BTCUSDT,1D,2021-11-02 00:00:00+00:00,2021-11-04 00:00:00+00:00,long,60942.87,62946.45,3.287636437207486,3.167636437207486,2
CANDIDATE_007,BTCUSDT,1D,2021-11-12 00:00:00+00:00,2021-11-15 00:00:00+00:00,long,64831.2,65568.38,1.1370759757647564,1.0170759757647563,3
CANDIDATE_007,BTCUSDT,1D,2023-01-19 00:00:00+00:00,2023-01-21 00:00:00+00:00,long,20680.1,22661.0,9.578773797031936,9.458773797031936,2
CANDIDATE_007,BTCUSDT,1D,2023-01-25 00:00:00+00:00,2023-01-27 00:00:00+00:00,long,22627.5,23001.9,1.6546237984753187,1.5346237984753186,2
CANDIDATE_007,BTCUSDT,1D,2023-01-31 00:00:00+00:00,2023-02-02 00:00:00+00:00,long,22819.9,23730.1,3.9886239641716115,3.8686239641716114,2
CANDIDATE_007,BTCUSDT,1D,2023-02-05 00:00:00+00:00,2023-02-08 00:00:00+00:00,long,23322.6,23234.1,-0.37946026600808036,-0.49946026600808036,3
CANDIDATE_007,BTCUSDT,1D,2023-02-20 00:00:00+00:00,2023-02-28 00:00:00+00:00,long,24265.9,23480.0,-3.238701222703466,-3.3587012227034663,8
CANDIDATE_007,BTCUSDT,1D,2023-03-23 00:00:00+00:00,2023-03-27 00:00:00+00:00,long,27233.8,27954.3,2.6456094999596003,2.5256094999596,4
CANDIDATE_007,BTCUSDT,1D,2023-04-03 00:00:00+00:00,2023-04-06 00:00:00+00:00,long,28161.3,28154.0,-0.025922098766739676,-0.14592209876673967,3
CANDIDATE_007,BTCUSDT,1D,2023-04-18 00:00:00+00:00,2023-04-26 00:00:00+00:00,long,29420.1,28286.7,-3.85246821050913,-3.9724682105091302,8
CANDIDATE_007,BTCUSDT,1D,2023-05-07 00:00:00+00:00,2023-05-16 00:00:00+00:00,long,28837.9,27152.5,-5.844392275443089,-5.964392275443089,9
CANDIDATE_007,BTCUSDT,1D,2023-06-27 00:00:00+00:00,2023-06-30 00:00:00+00:00,long,30260.1,30439.9,0.5941817773239544,0.4741817773239544,3
CANDIDATE_007,BTCUSDT,1D,2023-07-06 00:00:00+00:00,2023-07-11 00:00:00+00:00,long,30488.4,30396.9,-0.3001141417719566,-0.4201141417719566,5
CANDIDATE_007,BTCUSDT,1D,2023-07-15 00:00:00+00:00,2023-07-24 00:00:00+00:00,long,30293.3,30070.9,-0.7341557374072716,-0.8541557374072716,9
CANDIDATE_007,BTCUSDT,1D,2023-10-28 00:00:00+00:00,2023-10-30 00:00:00+00:00,long,33893.2,34528.6,1.874712331677153,1.754712331677153,2
CANDIDATE_007,BTCUSDT,1D,2023-11-04 00:00:00+00:00,2023-11-07 00:00:00+00:00,long,34700.5,35057.5,1.0288036195443828,0.9088036195443828,3
CANDIDATE_007,BTCUSDT,1D,2023-11-14 00:00:00+00:00,2023-11-16 00:00:00+00:00,long,36486.2,37885.5,3.8351486315374217,3.7151486315374216,2
CANDIDATE_007,BTCUSDT,1D,2023-11-22 00:00:00+00:00,2023-11-24 00:00:00+00:00,long,35737.0,37294.4,4.35794834485268,4.23794834485268,2
CANDIDATE_007,BTCUSDT,1D,2023-11-27 00:00:00+00:00,2023-11-29 00:00:00+00:00,long,37437.9,37812.0,0.9992547658923101,0.8792547658923101,2
CANDIDATE_007,BTCUSDT,1D,2023-12-10 00:00:00+00:00,2023-12-14 00:00:00+00:00,long,43734.2,42875.0,-1.9645952138143574,-2.0845952138143575,4
CANDIDATE_007,BTCUSDT,1D,2023-12-16 00:00:00+00:00,2023-12-19 00:00:00+00:00,long,41968.0,42671.8,1.6769919939001232,1.556991993900123,3
CANDIDATE_007,BTCUSDT,1D,2023-12-25 00:00:00+00:00,2023-12-28 00:00:00+00:00,long,43008.4,43453.8,1.0356116479571575,0.9156116479571575,3
CANDIDATE_007,BTCUSDT,1D,2024-01-04 00:00:00+00:00,2024-01-06 00:00:00+00:00,long,42849.5,44145.3,3.024072626285035,2.9040726262850347,2
CANDIDATE_007,BTCUSDT,1D,2024-01-13 00:00:00+00:00,2024-01-17 00:00:00+00:00,long,42789.0,43133.0,0.8039449391198605,0.6839449391198605,4
CANDIDATE_007,BTCUSDT,1D,2024-02-20 00:00:00+00:00,2024-02-25 00:00:00+00:00,long,51813.7,51602.1,-0.40838619901686357,-0.5283861990168636,5
CANDIDATE_007,BTCUSDT,1D,2024-03-06 00:00:00+00:00,2024-03-08 00:00:00+00:00,long,63747.5,66870.0,4.898231303188361,4.7782313031883605,2
CANDIDATE_007,BTCUSDT,1D,2024-03-16 00:00:00+00:00,2024-03-21 00:00:00+00:00,long,69552.1,67876.4,-2.409273048549232,-2.529273048549232,5
CANDIDATE_007,BTCUSDT,1D,2024-03-30 00:00:00+00:00,2024-04-01 00:00:00+00:00,long,69903.6,71363.0,2.0877322484106564,1.9677322484106563,2
CANDIDATE_007,BTCUSDT,1D,2024-04-10 00:00:00+00:00,2024-04-20 00:00:00+00:00,long,69189.2,63787.4,-7.807287842611266,-7.927287842611266,10
CANDIDATE_007,BTCUSDT,1D,2024-05-20 00:00:00+00:00,2024-05-22 00:00:00+00:00,long,66239.4,70168.7,5.931967982801778,5.811967982801778,2
CANDIDATE_007,BTCUSDT,1D,2024-05-24 00:00:00+00:00,2024-05-26 00:00:00+00:00,long,67999.9,69314.5,1.9332381371149232,1.813238137114923,2
CANDIDATE_007,BTCUSDT,1D,2024-05-29 00:00:00+00:00,2024-06-04 00:00:00+00:00,long,68440.4,68851.3,0.6003763858773548,0.48037638587735476,6
CANDIDATE_007,BTCUSDT,1D,2024-06-08 00:00:00+00:00,2024-06-18 00:00:00+00:00,long,69377.0,66472.1,-4.18712253340443,-4.3071225334044305,10
CANDIDATE_007,BTCUSDT,1D,2024-07-24 00:00:00+00:00,2024-07-27 00:00:00+00:00,long,65916.3,67882.5,2.9828737353279733,2.862873735327973,3
CANDIDATE_007,BTCUSDT,1D,2024-07-30 00:00:00+00:00,2024-08-09 00:00:00+00:00,long,66750.1,61659.8,-7.6259061784177185,-7.745906178417719,10
CANDIDATE_007,BTCUSDT,1D,2024-10-22 00:00:00+00:00,2024-10-25 00:00:00+00:00,long,67368.7,68173.8,1.1950653641824793,1.0750653641824792,3
CANDIDATE_007,BTCUSDT,1D,2024-11-01 00:00:00+00:00,2024-11-06 00:00:00+00:00,long,70321.9,69353.1,-1.3776647104244755,-1.4976647104244756,5
CANDIDATE_007,BTCUSDT,1D,2024-11-26 00:00:00+00:00,2024-11-28 00:00:00+00:00,long,93064.0,95905.2,3.0529528066706835,2.9329528066706834,2
CANDIDATE_007,BTCUSDT,1D,2024-12-03 00:00:00+00:00,2024-12-05 00:00:00+00:00,long,95890.6,98669.8,2.8983028576315073,2.778302857631507,2
CANDIDATE_007,BTCUSDT,1D,2024-12-10 00:00:00+00:00,2024-12-12 00:00:00+00:00,long,97349.1,101115.3,3.868756876026591,3.748756876026591,2
CANDIDATE_007,BTCUSDT,1D,2024-12-19 00:00:00+00:00,2024-12-25 00:00:00+00:00,long,100181.2,98626.9,-1.5514887024711266,-1.6714887024711267,6
CANDIDATE_007,BTCUSDT,1D,2024-12-27 00:00:00+00:00,2025-01-02 00:00:00+00:00,long,95750.9,94580.9,-1.2219206294666662,-1.3419206294666663,6
CANDIDATE_007,BTCUSDT,1D,2025-01-20 00:00:00+00:00,2025-01-22 00:00:00+00:00,long,101311.5,106115.4,4.7417124413319245,4.621712441331924,2
CANDIDATE_007,BTCUSDT,1D,2025-01-27 00:00:00+00:00,2025-01-30 00:00:00+00:00,long,102560.0,103698.1,1.1096918876755124,0.9896918876755124,3
CANDIDATE_007,BTCUSDT,1D,2025-02-01 00:00:00+00:00,2025-02-11 00:00:00+00:00,long,102379.8,97379.2,-4.8843619542136345,-5.004361954213635,10
CANDIDATE_007,BTCUSDT,1D,2025-04-28 00:00:00+00:00,2025-05-02 00:00:00+00:00,long,93697.0,96423.2,2.9095915557595164,2.7895915557595163,4
CANDIDATE_007,BTCUSDT,1D,2025-05-05 00:00:00+00:00,2025-05-07 00:00:00+00:00,long,94230.2,96798.9,2.725983814106292,2.605983814106292,2
CANDIDATE_007,BTCUSDT,1D,2025-05-13 00:00:00+00:00,2025-05-16 00:00:00+00:00,long,102739.3,103714.2,0.9489066014660263,0.8289066014660263,3
CANDIDATE_007,BTCUSDT,1D,2025-05-24 00:00:00+00:00,2025-05-27 00:00:00+00:00,long,107271.6,109386.8,1.9718173309617892,1.8518173309617891,3
CANDIDATE_007,BTCUSDT,1D,2025-05-29 00:00:00+00:00,2025-06-02 00:00:00+00:00,long,107723.1,105583.3,-1.9863891774373421,-2.106389177437342,4
CANDIDATE_007,BTCUSDT,1D,2025-06-05 00:00:00+00:00,2025-06-08 00:00:00+00:00,long,104641.8,105507.5,0.827298460080006,0.707298460080006,3
CANDIDATE_007,BTCUSDT,1D,2025-06-13 00:00:00+00:00,2025-06-17 00:00:00+00:00,long,105609.4,106750.1,1.0801121869833619,0.9601121869833619,4
CANDIDATE_007,BTCUSDT,1D,2025-07-01 00:00:00+00:00,2025-07-03 00:00:00+00:00,long,107087.3,108800.0,1.5993493159319527,1.4793493159319526,2
CANDIDATE_007,BTCUSDT,1D,2025-07-08 00:00:00+00:00,2025-07-10 00:00:00+00:00,long,108203.9,111199.8,2.768754176143373,2.648754176143373,2
CANDIDATE_007,BTCUSDT,1D,2025-07-16 00:00:00+00:00,2025-07-18 00:00:00+00:00,long,117738.6,119176.5,1.221264733910532,1.101264733910532,2
CANDIDATE_007,BTCUSDT,1D,2025-07-25 00:00:00+00:00,2025-07-28 00:00:00+00:00,long,118294.4,119423.5,0.9544830524521819,0.8344830524521819,3
CANDIDATE_007,BTCUSDT,1D,2025-08-15 00:00:00+00:00,2025-08-23 00:00:00+00:00,long,118242.2,116897.5,-1.1372420337239952,-1.2572420337239953,8
CANDIDATE_007,BTCUSDT,1D,2025-09-15 00:00:00+00:00,2025-09-17 00:00:00+00:00,long,115210.0,116747.3,1.3343459769117327,1.2143459769117326,2
CANDIDATE_007,BTCUSDT,1D,2025-09-20 00:00:00+00:00,2025-09-29 00:00:00+00:00,long,115569.6,112119.7,-2.9851275768022156,-3.1051275768022157,9
CANDIDATE_007,BTCUSDT,1D,2025-10-08 00:00:00+00:00,2025-10-14 00:00:00+00:00,long,121286.6,115112.0,-5.090916886119324,-5.210916886119324,6
CANDIDATE_007,ETHUSDT,1D,2020-06-18 00:00:00+00:00,2020-06-23 00:00:00+00:00,long,233.73,243.13,4.021734479955508,3.9017344799555076,5
CANDIDATE_007,ETHUSDT,1D,2020-06-25 00:00:00+00:00,2020-06-30 00:00:00+00:00,long,234.54,227.95,-2.8097552656263347,-2.929755265626335,5
CANDIDATE_007,ETHUSDT,1D,2020-07-03 00:00:00+00:00,2020-07-05 00:00:00+00:00,long,226.54,229.21,1.1785998057738167,1.0585998057738166,2
CANDIDATE_007,ETHUSDT,1D,2020-07-11 00:00:00+00:00,2020-07-13 00:00:00+00:00,long,241.38,242.82,0.5965697240865042,0.4765697240865042,2
CANDIDATE_007,ETHUSDT,1D,2020-08-08 00:00:00+00:00,2020-08-11 00:00:00+00:00,long,379.62,395.83,4.2700595332174185,4.150059533217418,3
CANDIDATE_007,ETHUSDT,1D,2020-08-18 00:00:00+00:00,2020-08-25 00:00:00+00:00,long,431.31,407.91,-5.425332127703964,-5.545332127703964,7
CANDIDATE_007,ETHUSDT,1D,2020-09-04 00:00:00+00:00,2020-09-10 00:00:00+00:00,long,381.52,350.58,-8.109666596770815,-8.229666596770814,6
CANDIDATE_007,ETHUSDT,1D,2020-10-16 00:00:00+00:00,2020-10-19 00:00:00+00:00,long,377.63,378.28,0.17212615523130026,0.052126155231300264,3
CANDIDATE_007,ETHUSDT,1D,2020-10-21 00:00:00+00:00,2020-10-23 00:00:00+00:00,long,368.74,414.38,12.377284807723598,12.257284807723599,2
CANDIDATE_007,ETHUSDT,1D,2020-10-26 00:00:00+00:00,2020-11-02 00:00:00+00:00,long,406.14,396.9,-2.2750775594622574,-2.3950775594622575,7
CANDIDATE_007,ETHUSDT,1D,2020-11-15 00:00:00+00:00,2020-11-18 00:00:00+00:00,long,461.02,482.56,4.672248492473208,4.552248492473208,3
CANDIDATE_007,ETHUSDT,1D,2020-11-26 00:00:00+00:00,2020-11-30 00:00:00+00:00,long,569.79,576.38,1.156566454307728,1.036566454307728,4
CANDIDATE_007,ETHUSDT,1D,2020-12-05 00:00:00+00:00,2020-12-07 00:00:00+00:00,long,567.69,601.86,6.019130159065678,5.8991301590656775,2
CANDIDATE_007,ETHUSDT,1D,2020-12-21 00:00:00+00:00,2020-12-26 00:00:00+00:00,long,638.25,627.17,-1.735996866431655,-1.855996866431655,5
CANDIDATE_007,ETHUSDT,1D,2021-01-02 00:00:00+00:00,2021-01-04 00:00:00+00:00,long,729.7,980.23,34.33328765245991,34.21328765245991,2
CANDIDATE_007,ETHUSDT,1D,2021-01-12 00:00:00+00:00,2021-01-15 00:00:00+00:00,long,1086.84,1234.5,13.586176438114173,13.466176438114173,3
CANDIDATE_007,ETHUSDT,1D,2021-01-22 00:00:00+00:00,2021-01-25 00:00:00+00:00,long,1111.82,1394.23,25.400694357000255,25.280694357000254,3
CANDIDATE_007,ETHUSDT,1D,2021-01-28 00:00:00+00:00,2021-01-30 00:00:00+00:00,long,1238.55,1382.14,11.593395502805715,11.473395502805715,2
CANDIDATE_007,ETHUSDT,1D,2021-02-01 00:00:00+00:00,2021-02-03 00:00:00+00:00,long,1313.09,1516.2,15.468094342352789,15.34809434235279,2
CANDIDATE_007,ETHUSDT,1D,2021-02-08 00:00:00+00:00,2021-02-10 00:00:00+00:00,long,1612.0,1770.99,9.862903225806452,9.742903225806453,2
CANDIDATE_007,ETHUSDT,1D,2021-02-16 00:00:00+00:00,2021-02-18 00:00:00+00:00,long,1781.34,1849.87,3.8471038656292533,3.727103865629253,2
CANDIDATE_007,ETHUSDT,1D,2021-02-23 00:00:00+00:00,2021-03-02 00:00:00+00:00,long,1778.22,1571.2,-11.641979057709396,-11.761979057709395,7
CANDIDATE_007,ETHUSDT,1D,2021-03-13 00:00:00+00:00,2021-03-15 00:00:00+00:00,long,1767.32,1850.5,4.7065613471244605,4.58656134712446,2
CANDIDATE_007,ETHUSDT,1D,2021-03-22 00:00:00+00:00,2021-03-27 00:00:00+00:00,long,1784.78,1699.21,-4.794428444962396,-4.914428444962396,5
CANDIDATE_007,ETHUSDT,1D,2021-04-08 00:00:00+00:00,2021-04-11 00:00:00+00:00,long,1965.4,2135.99,8.679658084868214,8.559658084868214,3
CANDIDATE_007,ETHUSDT,1D,2021-04-18 00:00:00+00:00,2021-04-21 00:00:00+00:00,long,2319.93,2330.07,0.4370821533408398,0.3170821533408398,3
CANDIDATE_007,ETHUSDT,1D,2021-04-25 00:00:00+00:00,2021-04-27 00:00:00+00:00,long,2215.55,2534.17,14.381079190268785,14.261079190268786,2
CANDIDATE_007,ETHUSDT,1D,2021-05-13 00:00:00+00:00,2021-05-15 00:00:00+00:00,long,3829.89,4079.98,6.5299525573841555,6.409952557384155,2
CANDIDATE_007,ETHUSDT,1D,2021-08-04 00:00:00+00:00,2021-08-06 00:00:00+00:00,long,2506.5,2826.81,12.779174147217232,12.659174147217232,2
CANDIDATE_007,ETHUSDT,1D,2021-08-13 00:00:00+00:00,2021-08-15 00:00:00+00:00,long,3046.63,3266.31,7.210590061805999,7.090590061805999,2
CANDIDATE_007,ETHUSDT,1D,2021-08-17 00:00:00+00:00,2021-08-20 00:00:00+00:00,long,3146.82,3186.76,1.2692178135387477,1.1492178135387476,3
CANDIDATE_007,ETHUSDT,1D,2021-08-25 00:00:00+00:00,2021-08-28 00:00:00+00:00,long,3173.99,3274.12,3.1547043311415557,3.0347043311415556,3
CANDIDATE_007,ETHUSDT,1D,2021-09-08 00:00:00+00:00,2021-09-13 00:00:00+00:00,long,3435.0,3405.65,-0.8544395924308557,-0.9744395924308557,5
CANDIDATE_007,ETHUSDT,1D,2021-09-18 00:00:00+00:00,2021-09-24 00:00:00+00:00,long,3401.0,3150.7,-7.359600117612475,-7.479600117612475,6
CANDIDATE_007,ETHUSDT,1D,2021-10-11 00:00:00+00:00,2021-10-14 00:00:00+00:00,long,3415.01,3610.24,5.716820741374096,5.596820741374096,3
CANDIDATE_007,ETHUSDT,1D,2021-10-19 00:00:00+00:00,2021-10-21 00:00:00+00:00,long,3748.1,4164.13,11.099757210319904,10.979757210319905,2
CANDIDATE_007,ETHUSDT,1D,2021-10-25 00:00:00+00:00,2021-10-27 00:00:00+00:00,long,4084.6,4133.37,1.1939969642070114,1.0739969642070113,2
CANDIDATE_007,ETHUSDT,1D,2021-11-02 00:00:00+00:00,2021-11-04 00:00:00+00:00,long,4322.72,4606.59,6.566930081060063,6.446930081060063,2
CANDIDATE_007,ETHUSDT,1D,2021-11-06 00:00:00+00:00,2021-11-08 00:00:00+00:00,long,4477.29,4616.51,3.1094702375767502,2.98947023757675,2
CANDIDATE_007,ETHUSDT,1D,2021-11-11 00:00:00+00:00,2021-11-20 00:00:00+00:00,long,4632.42,4293.44,-7.317557561706423,-7.437557561706423,9
CANDIDATE_007,ETHUSDT,1D,2021-11-25 00:00:00+00:00,2021-11-29 00:00:00+00:00,long,4271.29,4297.01,0.602160003184049,0.48216000318404906,4
CANDIDATE_007,ETHUSDT,1D,2023-01-19 00:00:00+00:00,2023-01-21 00:00:00+00:00,long,1511.6,1659.01,9.751918496956868,9.63191849695687,2
CANDIDATE_007,ETHUSDT,1D,2023-01-25 00:00:00+00:00,2023-01-30 00:00:00+00:00,long,1556.0,1645.67,5.762853470437013,5.642853470437013,5
CANDIDATE_007,ETHUSDT,1D,2023-02-06 00:00:00+00:00,2023-02-08 00:00:00+00:00,long,1628.98,1670.5,2.548834239831055,2.4288342398310547,2
CANDIDATE_007,ETHUSDT,1D,2023-02-10 00:00:00+00:00,2023-02-15 00:00:00+00:00,long,1544.67,1554.94,0.6648669295059806,0.5448669295059806,5
CANDIDATE_007,ETHUSDT,1D,2023-02-22 00:00:00+00:00,2023-02-27 00:00:00+00:00,long,1659.2,1640.51,-1.1264464802314356,-1.2464464802314357,5
CANDIDATE_007,ETHUSDT,1D,2023-03-01 00:00:00+00:00,2023-03-03 00:00:00+00:00,long,1604.73,1647.29,2.652159553320499,2.532159553320499,2
CANDIDATE_007,ETHUSDT,1D,2023-03-21 00:00:00+00:00,2023-03-24 00:00:00+00:00,long,1731.71,1813.26,4.70921805614104,4.58921805614104,3
CANDIDATE_007,ETHUSDT,1D,2023-03-28 00:00:00+00:00,2023-03-30 00:00:00+00:00,long,1714.34,1791.89,4.523606752452847,4.403606752452847,2
CANDIDATE_007,ETHUSDT,1D,2023-04-03 00:00:00+00:00,2023-04-05 00:00:00+00:00,long,1793.55,1869.11,4.212873909286041,4.092873909286041,2
CANDIDATE_007,ETHUSDT,1D,2023-04-08 00:00:00+00:00,2023-04-11 00:00:00+00:00,long,1862.88,1908.91,2.4709052649660723,2.350905264966072,3
CANDIDATE_007,ETHUSDT,1D,2023-04-18 00:00:00+00:00,2023-04-26 00:00:00+00:00,long,2074.49,1865.4,-10.079103779724164,-10.199103779724163,8
CANDIDATE_007,ETHUSDT,1D,2023-05-01 00:00:00+00:00,2023-05-04 00:00:00+00:00,long,1868.41,1904.74,1.9444340374971114,1.8244340374971113,3
CANDIDATE_007,ETHUSDT,1D,2023-05-07 00:00:00+00:00,2023-05-16 00:00:00+00:00,long,1895.3,1815.56,-4.207249511950617,-4.327249511950617,9
CANDIDATE_007,ETHUSDT,1D,2023-06-27 00:00:00+00:00,2023-07-01 00:00:00+00:00,long,1858.14,1933.42,4.0513631911481385,3.9313631911481384,4
CANDIDATE_007,ETHUSDT,1D,2023-07-05 00:00:00+00:00,2023-07-11 00:00:00+00:00,long,1935.72,1879.35,-2.9120947244436257,-3.032094724443626,6
CANDIDATE_007,ETHUSDT,1D,2023-07-13 00:00:00+00:00,2023-07-15 00:00:00+00:00,long,1870.82,1936.74,3.52358858682289,3.40358858682289,2
CANDIDATE_007,ETHUSDT,1D,2023-07-17 00:00:00+00:00,2023-07-24 00:00:00+00:00,long,1920.97,1887.85,-1.7241289556838568,-1.844128955683857,7
CANDIDATE_007,ETHUSDT,1D,2023-07-28 00:00:00+00:00,2023-07-30 00:00:00+00:00,long,1860.29,1879.86,1.0519865182310184,0.9319865182310184,2
CANDIDATE_007,ETHUSDT,1D,2023-11-03 00:00:00+00:00,2023-11-05 00:00:00+00:00,long,1800.68,1856.08,3.0766155008107976,2.9566155008107975,2
CANDIDATE_007,ETHUSDT,1D,2023-11-14 00:00:00+00:00,2023-11-16 00:00:00+00:00,long,2055.18,2059.3,0.20046905867128206,0.08046905867128207,2
CANDIDATE_007,ETHUSDT,1D,2023-11-22 00:00:00+00:00,2023-11-24 00:00:00+00:00,long,1933.44,2062.67,6.683941575637209,6.563941575637209,2
CANDIDATE_007,ETHUSDT,1D,2023-11-27 00:00:00+00:00,2023-12-01 00:00:00+00:00,long,2061.97,2051.77,-0.4946725704059629,-0.6146725704059629,4
CANDIDATE_007,ETHUSDT,1D,2023-12-12 00:00:00+00:00,2023-12-15 00:00:00+00:00,long,2225.55,2316.53,4.087978252566771,3.9679782525667706,3
CANDIDATE_007,ETHUSDT,1D,2023-12-25 00:00:00+00:00,2023-12-28 00:00:00+00:00,long,2265.42,2380.32,5.071907196016645,4.951907196016645,3
CANDIDATE_007,ETHUSDT,1D,2023-12-30 00:00:00+00:00,2024-01-02 00:00:00+00:00,long,2300.61,2354.63,2.3480729024041525,2.2280729024041523,3
CANDIDATE_007,ETHUSDT,1D,2024-01-04 00:00:00+00:00,2024-01-09 00:00:00+00:00,long,2210.39,2331.12,5.461932057238772,5.341932057238772,5
CANDIDATE_007,ETHUSDT,1D,2024-01-15 00:00:00+00:00,2024-01-17 00:00:00+00:00,long,2474.3,2587.4,4.570989774885814,4.450989774885814,2
CANDIDATE_007,ETHUSDT,1D,2024-02-24 00:00:00+00:00,2024-02-26 00:00:00+00:00,long,2923.36,3115.24,6.563680148869788,6.443680148869788,2
CANDIDATE_007,ETHUSDT,1D,2024-03-15 00:00:00+00:00,2024-03-21 00:00:00+00:00,long,3884.99,3517.8,-9.451504379676646,-9.571504379676645,6
CANDIDATE_007,ETHUSDT,1D,2024-03-23 00:00:00+00:00,2024-03-25 00:00:00+00:00,long,3338.99,3457.16,3.5390941572152057,3.4190941572152056,2
CANDIDATE_007,ETHUSDT,1D,2024-03-30 00:00:00+00:00,2024-04-01 00:00:00+00:00,long,3512.47,3648.8,3.8813142888053154,3.7613142888053153,2
CANDIDATE_007,ETHUSDT,1D,2024-05-25 00:00:00+00:00,2024-05-27 00:00:00+00:00,long,3729.61,3827.54,2.6257437104683756,2.5057437104683755,2
CANDIDATE_007,ETHUSDT,1D,2024-05-30 00:00:00+00:00,2024-06-02 00:00:00+00:00,long,3770.01,3817.49,1.259413105005014,1.1394131050050138,3
CANDIDATE_007,ETHUSDT,1D,2024-06-04 00:00:00+00:00,2024-06-06 00:00:00+00:00,long,3769.14,3868.6,2.6387982404474153,2.518798240447415,2
CANDIDATE_007,ETHUSDT,1D,2024-06-08 00:00:00+00:00,2024-06-16 00:00:00+00:00,long,3679.82,3567.88,-3.041996619399867,-3.161996619399867,8
CANDIDATE_007,ETHUSDT,1D,2024-06-18 00:00:00+00:00,2024-06-20 00:00:00+00:00,long,3509.56,3558.84,1.4041646246253148,1.2841646246253147,2
CANDIDATE_007,ETHUSDT,1D,2024-06-23 00:00:00+00:00,2024-06-28 00:00:00+00:00,long,3494.25,3450.34,-1.2566359018387319,-1.376635901838732,5
CANDIDATE_007,ETHUSDT,1D,2024-07-23 00:00:00+00:00,2024-07-29 00:00:00+00:00,long,3438.09,3268.03,-4.946351026296581,-5.066351026296581,6
CANDIDATE_007,ETHUSDT,1D,2024-11-14 00:00:00+00:00,2024-11-19 00:00:00+00:00,long,3188.9,3210.48,0.6767223807582434,0.5567223807582434,5
CANDIDATE_007,ETHUSDT,1D,2024-11-27 00:00:00+00:00,2024-11-29 00:00:00+00:00,long,3327.17,3581.58,7.6464382643507856,7.5264382643507854,2
CANDIDATE_007,ETHUSDT,1D,2024-12-03 00:00:00+00:00,2024-12-05 00:00:00+00:00,long,3646.26,3840.74,5.333684377965353,5.213684377965353,2
CANDIDATE_007,ETHUSDT,1D,2024-12-10 00:00:00+00:00,2024-12-13 00:00:00+00:00,long,3712.55,3880.52,4.524383509986385,4.404383509986385,3
CANDIDATE_007,ETHUSDT,1D,2024-12-18 00:00:00+00:00,2024-12-24 00:00:00+00:00,long,3890.81,3420.75,-12.081288986098004,-12.201288986098003,6
CANDIDATE_007,ETHUSDT,1D,2025-07-08 00:00:00+00:00,2025-07-10 00:00:00+00:00,long,2541.36,2767.69,8.905861428526451,8.785861428526452,2
CANDIDATE_007,ETHUSDT,1D,2025-07-24 00:00:00+00:00,2025-07-26 00:00:00+00:00,long,3627.5,3724.18,2.665196416264637,2.5451964162646368,2
CANDIDATE_007,ETHUSDT,1D,2025-08-01 00:00:00+00:00,2025-08-05 00:00:00+00:00,long,3696.57,3719.41,0.6178700795602232,0.4978700795602232,4
CANDIDATE_007,ETHUSDT,1D,2025-08-16 00:00:00+00:00,2025-08-21 00:00:00+00:00,long,4437.15,4334.5,-2.313421903699442,-2.433421903699442,5
CANDIDATE_007,ETHUSDT,1D,2025-08-26 00:00:00+00:00,2025-09-04 00:00:00+00:00,long,4374.25,4448.22,1.6910327484711773,1.5710327484711772,9
CANDIDATE_007,ETHUSDT,1D,2025-09-16 00:00:00+00:00,2025-09-18 00:00:00+00:00,long,4521.54,4588.31,1.4767092627733236,1.3567092627733235,2
CANDIDATE_007,ETHUSDT,1D,2025-09-20 00:00:00+00:00,2025-09-29 00:00:00+00:00,long,4466.48,4139.54,-7.319858143325386,-7.439858143325386,9
CANDIDATE_007,ETHUSDT,1D,2025-10-08 00:00:00+00:00,2025-10-13 00:00:00+00:00,long,4445.77,4150.0,-6.652840790234327,-6.772840790234327,5
CANDIDATE_007,SOLUSDT,1D,2021-04-14 00:00:00+00:00,2021-04-16 00:00:00+00:00,long,27.5073,27.7881,1.0208199278009866,0.9008199278009866,2
CANDIDATE_007,SOLUSDT,1D,2021-04-30 00:00:00+00:00,2021-05-02 00:00:00+00:00,long,42.4925,49.7126,16.99146908277931,16.87146908277931,2
CANDIDATE_007,SOLUSDT,1D,2021-05-05 00:00:00+00:00,2021-05-09 00:00:00+00:00,long,42.6666,45.7108,7.134854898210774,7.014854898210774,4
CANDIDATE_007,SOLUSDT,1D,2021-05-13 00:00:00+00:00,2021-05-16 00:00:00+00:00,long,43.564,43.517,-0.1078872463501912,-0.2278872463501912,3
CANDIDATE_007,SOLUSDT,1D,2021-08-03 00:00:00+00:00,2021-08-05 00:00:00+00:00,long,33.2,35.775,7.756024096385539,7.636024096385539,2
CANDIDATE_007,SOLUSDT,1D,2021-08-09 00:00:00+00:00,2021-08-11 00:00:00+00:00,long,37.682,40.684,7.96666843585796,7.84666843585796,2
CANDIDATE_007,SOLUSDT,1D,2021-08-23 00:00:00+00:00,2021-08-27 00:00:00+00:00,long,72.808,74.89,2.8595758707834262,2.739575870783426,4
CANDIDATE_007,SOLUSDT,1D,2021-09-12 00:00:00+00:00,2021-09-19 00:00:00+00:00,long,179.252,169.248,-5.5809698078682635,-5.700969807868264,7
CANDIDATE_007,SOLUSDT,1D,2021-09-26 00:00:00+00:00,2021-09-30 00:00:00+00:00,long,136.066,135.27,-0.5850102156306436,-0.7050102156306436,4
CANDIDATE_007,SOLUSDT,1D,2021-10-06 00:00:00+00:00,2021-10-13 00:00:00+00:00,long,164.748,152.327,-7.539393497948376,-7.659393497948376,7
CANDIDATE_007,SOLUSDT,1D,2021-10-19 00:00:00+00:00,2021-10-21 00:00:00+00:00,long,157.262,176.841,12.449924330098817,12.329924330098818,2
CANDIDATE_007,SOLUSDT,1D,2021-10-27 00:00:00+00:00,2021-10-30 00:00:00+00:00,long,199.998,200.51,0.2560025600256033,0.1360025600256033,3
CANDIDATE_007,SOLUSDT,1D,2021-11-10 00:00:00+00:00,2021-11-14 00:00:00+00:00,long,239.305,241.569,0.9460730030713904,0.8260730030713904,4
CANDIDATE_007,SOLUSDT,1D,2021-11-17 00:00:00+00:00,2021-11-21 00:00:00+00:00,long,219.045,217.696,-0.6158551895729114,-0.7358551895729114,4
CANDIDATE_007,SOLUSDT,1D,2021-11-25 00:00:00+00:00,2021-11-29 00:00:00+00:00,long,205.844,200.708,-2.4950933716795243,-2.6150933716795244,4
CANDIDATE_007,SOLUSDT,1D,2021-12-04 00:00:00+00:00,2021-12-14 00:00:00+00:00,long,211.572,161.16,-23.8273495547615,-23.9473495547615,10
CANDIDATE_007,SOLUSDT,1D,2023-04-18 00:00:00+00:00,2023-04-26 00:00:00+00:00,long,24.59,21.923,-10.845872305815373,-10.965872305815372,8
CANDIDATE_007,SOLUSDT,1D,2023-05-02 00:00:00+00:00,2023-05-06 00:00:00+00:00,long,21.939,22.813,3.9837731892975903,3.86377318929759,4
CANDIDATE_007,SOLUSDT,1D,2023-07-18 00:00:00+00:00,2023-07-27 00:00:00+00:00,long,26.79,25.164,-6.06942889137737,-6.1894288913773705,9
CANDIDATE_007,SOLUSDT,1D,2023-07-31 00:00:00+00:00,2023-08-07 00:00:00+00:00,long,24.236,23.183,-4.344776365736925,-4.464776365736925,7
CANDIDATE_007,SOLUSDT,1D,2023-08-14 00:00:00+00:00,2023-08-24 00:00:00+00:00,long,24.217,21.718,-10.319197258124458,-10.439197258124457,10
CANDIDATE_007,SOLUSDT,1D,2023-10-06 00:00:00+00:00,2023-10-08 00:00:00+00:00,long,22.681,23.279,2.6365680525549884,2.5165680525549883,2
CANDIDATE_007,SOLUSDT,1D,2023-10-10 00:00:00+00:00,2023-10-15 00:00:00+00:00,long,22.078,21.982,-0.4348219947459042,-0.5548219947459042,5
CANDIDATE_007,SOLUSDT,1D,2023-10-28 00:00:00+00:00,2023-10-30 00:00:00+00:00,long,31.739,32.828,3.4311099908629794,3.3111099908629793,2
CANDIDATE_007,SOLUSDT,1D,2023-11-14 00:00:00+00:00,2023-11-16 00:00:00+00:00,long,51.661,65.506,26.79971351696637,26.67971351696637,2
CANDIDATE_007,SOLUSDT,1D,2023-11-19 00:00:00+00:00,2023-11-23 00:00:00+00:00,long,58.581,57.575,-1.7172803468701425,-1.8372803468701426,4
CANDIDATE_007,SOLUSDT,1D,2023-11-28 00:00:00+00:00,2023-11-30 00:00:00+00:00,long,55.03,59.324,7.80301653643467,7.68301653643467,2
CANDIDATE_007,SOLUSDT,1D,2023-12-06 00:00:00+00:00,2023-12-08 00:00:00+00:00,long,61.058,67.807,11.053424612663365,10.933424612663366,2
CANDIDATE_007,SOLUSDT,1D,2023-12-12 00:00:00+00:00,2023-12-15 00:00:00+00:00,long,70.282,75.751,7.781508778919233,7.661508778919233,3
CANDIDATE_007,SOLUSDT,1D,2023-12-18 00:00:00+00:00,2023-12-20 00:00:00+00:00,long,70.902,73.03,3.001325773602992,2.881325773602992,2
CANDIDATE_007,SOLUSDT,1D,2023-12-28 00:00:00+00:00,2024-01-02 00:00:00+00:00,long,107.089,110.054,2.768725079139789,2.6487250791397887,5
CANDIDATE_007,SOLUSDT,1D,2024-01-04 00:00:00+00:00,2024-01-09 00:00:00+00:00,long,98.519,97.9,-0.6283052000121803,-0.7483052000121803,5
CANDIDATE_007,SOLUSDT,1D,2024-01-13 00:00:00+00:00,2024-01-17 00:00:00+00:00,long,92.148,97.637,5.956721795372677,5.836721795372677,4
CANDIDATE_007,SOLUSDT,1D,2024-01-19 00:00:00+00:00,2024-01-25 00:00:00+00:00,long,94.389,88.745,-5.979510324296255,-6.099510324296255,6
CANDIDATE_007,SOLUSDT,1D,2024-02-01 00:00:00+00:00,2024-02-03 00:00:00+00:00,long,96.91,100.548,3.753998555360649,3.633998555360649,2
CANDIDATE_007,SOLUSDT,1D,2024-02-17 00:00:00+00:00,2024-02-20 00:00:00+00:00,long,110.393,111.657,1.1450001358781714,1.0250001358781713,3
CANDIDATE_007,SOLUSDT,1D,2024-03-06 00:00:00+00:00,2024-03-08 00:00:00+00:00,long,125.359,143.999,14.869295383658132,14.749295383658133,2
CANDIDATE_007,SOLUSDT,1D,2024-03-20 00:00:00+00:00,2024-03-25 00:00:00+00:00,long,169.916,184.018,8.299394995174092,8.179394995174093,5
CANDIDATE_007,SOLUSDT,1D,2024-04-02 00:00:00+00:00,2024-04-09 00:00:00+00:00,long,192.355,180.821,-5.996204933586336,-6.116204933586336,7
CANDIDATE_007,SOLUSDT,1D,2024-05-24 00:00:00+00:00,2024-05-28 00:00:00+00:00,long,176.181,170.248,-3.3675594984703294,-3.4875594984703295,4
CANDIDATE_007,SOLUSDT,1D,2024-05-31 00:00:00+00:00,2024-06-05 00:00:00+00:00,long,166.985,171.889,2.936790729706251,2.816790729706251,5
CANDIDATE_007,SOLUSDT,1D,2024-06-08 00:00:00+00:00,2024-06-17 00:00:00+00:00,long,162.525,151.244,-6.941085986771267,-7.061085986771267,9
CANDIDATE_007,SOLUSDT,1D,2024-07-24 00:00:00+00:00,2024-07-27 00:00:00+00:00,long,172.925,182.991,5.821020673702471,5.7010206737024705,3
CANDIDATE_007,SOLUSDT,1D,2024-07-31 00:00:00+00:00,2024-08-07 00:00:00+00:00,long,179.072,144.329,-19.401693173695488,-19.52169317369549,7
CANDIDATE_007,SOLUSDT,1D,2024-10-26 00:00:00+00:00,2024-10-28 00:00:00+00:00,long,164.81,176.58,7.141556944360183,7.021556944360183,2
CANDIDATE_007,SOLUSDT,1D,2024-10-31 00:00:00+00:00,2024-11-06 00:00:00+00:00,long,174.82,166.55,-4.73058002516874,-4.85058002516874,6
CANDIDATE_007,SOLUSDT,1D,2024-11-15 00:00:00+00:00,2024-11-17 00:00:00+00:00,long,209.64,215.86,2.966991032245758,2.846991032245758,2
CANDIDATE_007,SOLUSDT,1D,2024-11-26 00:00:00+00:00,2024-11-30 00:00:00+00:00,long,234.28,243.44,3.9098514597917022,3.789851459791702,4
CANDIDATE_007,SOLUSDT,1D,2024-12-10 00:00:00+00:00,2024-12-12 00:00:00+00:00,long,216.66,227.29,4.906304809378748,4.7863048093787475,2
CANDIDATE_007,SOLUSDT,1D,2024-12-15 00:00:00+00:00,2024-12-18 00:00:00+00:00,long,219.85,223.17,1.5101205367295867,1.3901205367295866,3
CANDIDATE_007,SOLUSDT,1D,2025-01-27 00:00:00+00:00,2025-01-31 00:00:00+00:00,long,240.32,238.15,-0.9029627163781528,-1.022962716378153,4
CANDIDATE_007,SOLUSDT,1D,2025-07-24 00:00:00+00:00,2025-07-28 00:00:00+00:00,long,189.4,188.56,-0.4435058078141485,-0.5635058078141485,4
CANDIDATE_007,SOLUSDT,1D,2025-08-12 00:00:00+00:00,2025-08-14 00:00:00+00:00,long,174.74,201.57,15.35424058601349,15.23424058601349,2
CANDIDATE_007,SOLUSDT,1D,2025-08-16 00:00:00+00:00,2025-08-21 00:00:00+00:00,long,185.61,187.89,1.2283820914821275,1.1083820914821274,5
CANDIDATE_007,SOLUSDT,1D,2025-08-26 00:00:00+00:00,2025-08-28 00:00:00+00:00,long,187.08,202.94,8.477656617489826,8.357656617489827,2
CANDIDATE_007,SOLUSDT,1D,2025-08-31 00:00:00+00:00,2025-09-03 00:00:00+00:00,long,202.59,209.54,3.4305740658472805,3.3105740658472804,3
CANDIDATE_007,SOLUSDT,1D,2025-09-05 00:00:00+00:00,2025-09-08 00:00:00+00:00,long,202.22,206.28,2.00771437048759,1.8877143704875898,3
CANDIDATE_007,SOLUSDT,1D,2025-09-16 00:00:00+00:00,2025-09-18 00:00:00+00:00,long,234.19,244.74,4.504889192535977,4.384889192535977,2
CANDIDATE_007,SOLUSDT,1D,2025-09-20 00:00:00+00:00,2025-09-29 00:00:00+00:00,long,238.39,210.7,-11.61542010990394,-11.73542010990394,9
CANDIDATE_007,SOLUSDT,1D,2025-10-06 00:00:00+00:00,2025-10-09 00:00:00+00:00,long,228.45,228.96,0.2232435981615266,0.10324359816152662,3
CANDIDATE_007,BNBUSDT,1D,2020-09-01 00:00:00+00:00,2020-09-03 00:00:00+00:00,long,23.167,24.759,6.871843570596092,6.751843570596092,2
CANDIDATE_007,BNBUSDT,1D,2020-09-16 00:00:00+00:00,2020-09-25 00:00:00+00:00,long,27.088,24.56,-9.332545776727708,-9.452545776727707,9
CANDIDATE_007,BNBUSDT,1D,2020-10-02 00:00:00+00:00,2020-10-05 00:00:00+00:00,long,27.454,28.973,5.532891381947969,5.4128913819479685,3
CANDIDATE_007,BNBUSDT,1D,2020-10-07 00:00:00+00:00,2020-10-10 00:00:00+00:00,long,27.685,28.373,2.4851002347841877,2.3651002347841876,3
CANDIDATE_007,BNBUSDT,1D,2020-10-17 00:00:00+00:00,2020-10-19 00:00:00+00:00,long,30.031,30.6,1.8947088009057422,1.7747088009057421,2
CANDIDATE_007,BNBUSDT,1D,2020-10-26 00:00:00+00:00,2020-10-28 00:00:00+00:00,long,30.104,31.415,4.354903002923205,4.234903002923205,2
CANDIDATE_007,BNBUSDT,1D,2020-11-26 00:00:00+00:00,2020-11-30 00:00:00+00:00,long,31.284,30.138,-3.663214422708083,-3.7832144227080833,4
CANDIDATE_007,BNBUSDT,1D,2020-12-22 00:00:00+00:00,2020-12-26 00:00:00+00:00,long,32.13,33.235,3.4391534391534195,3.3191534391534194,4
CANDIDATE_007,BNBUSDT,1D,2021-01-11 00:00:00+00:00,2021-01-15 00:00:00+00:00,long,42.394,41.912,-1.1369533424541167,-1.2569533424541168,4
CANDIDATE_007,BNBUSDT,1D,2021-01-20 00:00:00+00:00,2021-01-25 00:00:00+00:00,long,42.477,41.85,-1.4760929444169624,-1.5960929444169625,5
CANDIDATE_007,BNBUSDT,1D,2021-01-28 00:00:00+00:00,2021-01-30 00:00:00+00:00,long,40.907,42.869,4.796245141418343,4.676245141418343,2
CANDIDATE_007,BNBUSDT,1D,2021-02-16 00:00:00+00:00,2021-02-18 00:00:00+00:00,long,130.036,165.638,27.37857208772956,27.258572087729558,2
CANDIDATE_007,BNBUSDT,1D,2021-02-23 00:00:00+00:00,2021-03-02 00:00:00+00:00,long,267.444,255.069,-4.6271368959483254,-4.7471368959483256,7
CANDIDATE_007,BNBUSDT,1D,2021-03-05 00:00:00+00:00,2021-03-08 00:00:00+00:00,long,229.698,240.283,4.608224712448505,4.488224712448505,3
CANDIDATE_007,BNBUSDT,1D,2021-03-13 00:00:00+00:00,2021-03-18 00:00:00+00:00,long,263.404,270.187,2.5751317367997517,2.4551317367997516,5
CANDIDATE_007,BNBUSDT,1D,2021-03-23 00:00:00+00:00,2021-03-27 00:00:00+00:00,long,254.99,255.046,0.021961645554724463,-0.09803835444527553,4
CANDIDATE_007,BNBUSDT,1D,2021-04-04 00:00:00+00:00,2021-04-06 00:00:00+00:00,long,322.244,368.754,14.433162448331082,14.313162448331083,2
CANDIDATE_007,BNBUSDT,1D,2021-04-16 00:00:00+00:00,2021-04-21 00:00:00+00:00,long,542.745,586.959,8.146367078462259,8.02636707846226,5
CANDIDATE_007,BNBUSDT,1D,2021-04-23 00:00:00+00:00,2021-04-27 00:00:00+00:00,long,505.674,535.358,5.870185139042139,5.750185139042139,4
CANDIDATE_007,BNBUSDT,1D,2021-05-05 00:00:00+00:00,2021-05-09 00:00:00+00:00,long,610.058,646.27,5.935829052319619,5.815829052319619,4
CANDIDATE_007,BNBUSDT,1D,2021-05-11 00:00:00+00:00,2021-05-21 00:00:00+00:00,long,631.525,325.75,-48.41851074779304,-48.53851074779304,10
CANDIDATE_007,BNBUSDT,1D,2021-08-04 00:00:00+00:00,2021-08-06 00:00:00+00:00,long,323.46,338.08,4.519878810362954,4.399878810362954,2
CANDIDATE_007,BNBUSDT,1D,2021-08-09 00:00:00+00:00,2021-08-11 00:00:00+00:00,long,342.0,372.03,8.780701754385966,8.660701754385967,2
CANDIDATE_007,BNBUSDT,1D,2021-08-18 00:00:00+00:00,2021-08-20 00:00:00+00:00,long,402.12,431.51,7.308763553168207,7.188763553168207,2
CANDIDATE_007,BNBUSDT,1D,2021-08-27 00:00:00+00:00,2021-09-02 00:00:00+00:00,long,478.24,489.5,2.3544663767146146,2.2344663767146145,6
CANDIDATE_007,BNBUSDT,1D,2021-09-08 00:00:00+00:00,2021-09-13 00:00:00+00:00,long,418.68,416.54,-0.5111302187828404,-0.6311302187828404,5
CANDIDATE_007,BNBUSDT,1D,2021-10-17 00:00:00+00:00,2021-10-19 00:00:00+00:00,long,465.02,484.6,4.21057158831879,4.09057158831879,2
CANDIDATE_007,BNBUSDT,1D,2021-10-22 00:00:00+00:00,2021-10-24 00:00:00+00:00,long,471.31,486.2,3.1592794551356773,3.039279455135677,2
CANDIDATE_007,BNBUSDT,1D,2021-10-27 00:00:00+00:00,2021-10-29 00:00:00+00:00,long,478.5,492.09,2.840125391849524,2.720125391849524,2
CANDIDATE_007,BNBUSDT,1D,2021-11-10 00:00:00+00:00,2021-11-14 00:00:00+00:00,long,635.21,648.49,2.090647187544281,1.970647187544281,4
CANDIDATE_007,BNBUSDT,1D,2021-11-16 00:00:00+00:00,2021-11-21 00:00:00+00:00,long,633.45,604.62,-4.5512668718920235,-4.671266871892024,5
CANDIDATE_007,BNBUSDT,1D,2021-11-23 00:00:00+00:00,2021-11-25 00:00:00+00:00,long,559.78,590.56,5.498588731287279,5.378588731287279,2
CANDIDATE_007,BNBUSDT,1D,2021-11-27 00:00:00+00:00,2021-11-29 00:00:00+00:00,long,587.65,611.45,4.050029779630737,3.930029779630737,2
CANDIDATE_007,BNBUSDT,1D,2021-12-03 00:00:00+00:00,2021-12-07 00:00:00+00:00,long,620.37,586.77,-5.416122636491128,-5.536122636491128,4
CANDIDATE_007,BNBUSDT,1D,2022-11-07 00:00:00+00:00,2022-11-17 00:00:00+00:00,long,337.69,267.82,-20.690574195267853,-20.810574195267854,10
CANDIDATE_007,BNBUSDT,1D,2022-11-29 00:00:00+00:00,2022-12-09 00:00:00+00:00,long,293.16,290.34,-0.9619320507572859,-1.081932050757286,10
CANDIDATE_007,BNBUSDT,1D,2023-01-18 00:00:00+00:00,2023-01-21 00:00:00+00:00,long,299.28,305.24,1.9914461373964354,1.8714461373964353,3
CANDIDATE_007,BNBUSDT,1D,2023-01-25 00:00:00+00:00,2023-01-27 00:00:00+00:00,long,300.31,304.7,1.4618227831241004,1.3418227831241003,2
CANDIDATE_007,BNBUSDT,1D,2023-01-31 00:00:00+00:00,2023-02-02 00:00:00+00:00,long,307.17,317.21,3.268548360842516,3.1485483608425158,2
CANDIDATE_007,BNBUSDT,1D,2023-02-07 00:00:00+00:00,2023-02-16 00:00:00+00:00,long,324.56,317.27,-2.246117821050042,-2.366117821050042,9
CANDIDATE_007,BNBUSDT,1D,2023-02-20 00:00:00+00:00,2023-02-27 00:00:00+00:00,long,311.27,308.42,-0.9156038166222125,-1.0356038166222126,7
CANDIDATE_007,BNBUSDT,1D,2023-03-21 00:00:00+00:00,2023-03-27 00:00:00+00:00,long,332.08,328.28,-1.1443025776921245,-1.2643025776921246,6
CANDIDATE_007,BNBUSDT,1D,2023-04-02 00:00:00+00:00,2023-04-06 00:00:00+00:00,long,314.73,313.85,-0.27960474057128204,-0.39960474057128204,4
CANDIDATE_007,BNBUSDT,1D,2023-04-08 00:00:00+00:00,2023-04-10 00:00:00+00:00,long,310.26,312.62,0.7606523560884426,0.6406523560884426,2
CANDIDATE_007,BNBUSDT,1D,2023-04-20 00:00:00+00:00,2023-04-23 00:00:00+00:00,long,322.37,331.83,2.9345162391041235,2.8145162391041234,3
CANDIDATE_007,BNBUSDT,1D,2023-04-27 00:00:00+00:00,2023-05-01 00:00:00+00:00,long,330.39,336.85,1.9552649898604724,1.8352649898604723,4
CANDIDATE_007,BNBUSDT,1D,2023-11-13 00:00:00+00:00,2023-11-16 00:00:00+00:00,long,247.69,254.02,2.55561387217893,2.43561387217893,3
CANDIDATE_007,BNBUSDT,1D,2023-12-16 00:00:00+00:00,2023-12-20 00:00:00+00:00,long,244.55,252.35,3.1895317930893397,3.0695317930893395,4
CANDIDATE_007,BNBUSDT,1D,2023-12-25 00:00:00+00:00,2023-12-27 00:00:00+00:00,long,264.0,297.5,12.689393939393945,12.569393939393946,2
CANDIDATE_007,BNBUSDT,1D,2024-01-01 00:00:00+00:00,2024-01-04 00:00:00+00:00,long,311.33,315.6,1.3715350271416238,1.2515350271416237,3
CANDIDATE_007,BNBUSDT,1D,2024-01-07 00:00:00+00:00,2024-01-11 00:00:00+00:00,long,307.2,305.99,-0.3938802083333304,-0.5138802083333304,4
CANDIDATE_007,BNBUSDT,1D,2024-01-13 00:00:00+00:00,2024-01-16 00:00:00+00:00,long,296.82,317.14,6.84589987197628,6.72589987197628,3
CANDIDATE_007,BNBUSDT,1D,2024-01-23 00:00:00+00:00,2024-01-27 00:00:00+00:00,long,305.8,302.08,-1.2164813603662616,-1.3364813603662618,4
CANDIDATE_007,BNBUSDT,1D,2024-02-01 00:00:00+00:00,2024-02-05 00:00:00+00:00,long,300.53,304.72,1.3942035736865144,1.2742035736865143,4
CANDIDATE_007,BNBUSDT,1D,2024-02-19 00:00:00+00:00,2024-02-21 00:00:00+00:00,long,349.87,354.87,1.4291022379741003,1.3091022379741002,2
CANDIDATE_007,BNBUSDT,1D,2024-03-01 00:00:00+00:00,2024-03-03 00:00:00+00:00,long,399.62,411.17,2.8902457334467835,2.7702457334467834,2
CANDIDATE_007,BNBUSDT,1D,2024-03-06 00:00:00+00:00,2024-03-08 00:00:00+00:00,long,394.19,474.55,20.386108221923436,20.266108221923435,2
CANDIDATE_007,BNBUSDT,1D,2024-03-17 00:00:00+00:00,2024-03-21 00:00:00+00:00,long,576.84,557.0,-3.43942861105333,-3.55942861105333,4
CANDIDATE_007,BNBUSDT,1D,2024-04-02 00:00:00+00:00,2024-04-05 00:00:00+00:00,long,576.41,584.31,1.3705522110997403,1.2505522110997402,3
CANDIDATE_007,BNBUSDT,1D,2024-04-10 00:00:00+00:00,2024-04-12 00:00:00+00:00,long,580.82,604.85,4.137254226782816,4.017254226782816,2
CANDIDATE_007,BNBUSDT,1D,2024-04-27 00:00:00+00:00,2024-05-04 00:00:00+00:00,long,597.48,586.66,-1.810939278302215,-1.930939278302215,7
CANDIDATE_007,BNBUSDT,1D,2024-05-11 00:00:00+00:00,2024-05-13 00:00:00+00:00,long,585.27,594.26,1.5360431937396335,1.4160431937396334,2
CANDIDATE_007,BNBUSDT,1D,2024-05-24 00:00:00+00:00,2024-05-28 00:00:00+00:00,long,599.67,604.13,0.7437423916487385,0.6237423916487385,4
CANDIDATE_007,BNBUSDT,1D,2024-06-09 00:00:00+00:00,2024-06-16 00:00:00+00:00,long,682.6,607.99,-10.93026662760035,-11.05026662760035,7
CANDIDATE_007,BNBUSDT,1D,2024-07-23 00:00:00+00:00,2024-07-27 00:00:00+00:00,long,587.31,581.04,-1.0675793022424274,-1.1875793022424275,4
CANDIDATE_007,BNBUSDT,1D,2024-07-30 00:00:00+00:00,2024-08-09 00:00:00+00:00,long,574.46,517.04,-9.995474010374972,-10.115474010374971,10
CANDIDATE_007,BNBUSDT,1D,2024-08-26 00:00:00+00:00,2024-09-05 00:00:00+00:00,long,573.49,502.48,-12.382081640481957,-12.502081640481956,10
CANDIDATE_007,BNBUSDT,1D,2024-09-26 00:00:00+00:00,2024-09-28 00:00:00+00:00,long,587.49,607.33,3.3770787587873885,3.2570787587873884,2
CANDIDATE_007,BNBUSDT,1D,2024-09-30 00:00:00+00:00,2024-10-05 00:00:00+00:00,long,595.77,555.28,-6.796246873793576,-6.916246873793576,5
CANDIDATE_007,BNBUSDT,1D,2024-10-22 00:00:00+00:00,2024-10-28 00:00:00+00:00,long,598.73,589.32,-1.5716600136956527,-1.6916600136956528,6
CANDIDATE_007,BNBUSDT,1D,2024-11-13 00:00:00+00:00,2024-11-17 00:00:00+00:00,long,625.85,623.19,-0.4250219701206315,-0.5450219701206315,4
CANDIDATE_007,BNBUSDT,1D,2024-11-26 00:00:00+00:00,2024-11-28 00:00:00+00:00,long,636.59,644.69,1.2724045303884823,1.1524045303884822,2
CANDIDATE_007,BNBUSDT,1D,2024-12-03 00:00:00+00:00,2024-12-05 00:00:00+00:00,long,648.28,740.46,14.219164558524099,14.0991645585241,2
CANDIDATE_007,BNBUSDT,1D,2024-12-10 00:00:00+00:00,2024-12-13 00:00:00+00:00,long,689.54,706.19,2.414653247092269,2.2946532470922687,3
CANDIDATE_007,BNBUSDT,1D,2024-12-18 00:00:00+00:00,2024-12-24 00:00:00+00:00,long,717.85,693.89,-3.3377446541756672,-3.4577446541756673,6
CANDIDATE_007,BNBUSDT,1D,2024-12-28 00:00:00+00:00,2024-12-31 00:00:00+00:00,long,691.49,704.75,1.9175982299093342,1.797598229909334,3
CANDIDATE_007,BNBUSDT,1D,2025-01-06 00:00:00+00:00,2025-01-12 00:00:00+00:00,long,709.28,696.42,-1.813106248590124,-1.933106248590124,6
CANDIDATE_007,BNBUSDT,1D,2025-01-19 00:00:00+00:00,2025-01-23 00:00:00+00:00,long,709.91,695.96,-1.9650378216957032,-2.0850378216957033,4
CANDIDATE_007,BNBUSDT,1D,2025-05-15 00:00:00+00:00,2025-05-19 00:00:00+00:00,long,652.79,651.32,-0.2251872730893445,-0.3451872730893445,4
CANDIDATE_007,BNBUSDT,1D,2025-05-24 00:00:00+00:00,2025-05-27 00:00:00+00:00,long,656.85,673.92,2.5987668417446708,2.4787668417446707,3
CANDIDATE_007,BNBUSDT,1D,2025-05-30 00:00:00+00:00,2025-06-03 00:00:00+00:00,long,674.7,665.93,-1.2998369645768615,-1.4198369645768616,4
CANDIDATE_007,BNBUSDT,1D,2025-06-13 00:00:00+00:00,2025-06-17 00:00:00+00:00,long,654.41,650.74,-0.5608105010620146,-0.6808105010620146,4
CANDIDATE_007,BNBUSDT,1D,2025-07-25 00:00:00+00:00,2025-07-27 00:00:00+00:00,long,771.16,793.57,2.9060117225997217,2.7860117225997216,2
CANDIDATE_007,BNBUSDT,1D,2025-07-30 00:00:00+00:00,2025-08-05 00:00:00+00:00,long,805.82,768.89,-4.582909334590857,-4.702909334590857,6
CANDIDATE_007,BNBUSDT,1D,2025-08-16 00:00:00+00:00,2025-08-18 00:00:00+00:00,long,828.0,855.95,3.3756038647343,3.2556038647343,2
CANDIDATE_007,BNBUSDT,1D,2025-08-20 00:00:00+00:00,2025-08-23 00:00:00+00:00,long,824.45,901.01,9.28619079386257,9.16619079386257,3
CANDIDATE_007,BNBUSDT,1D,2025-08-26 00:00:00+00:00,2025-08-29 00:00:00+00:00,long,839.63,873.92,4.083941736240959,3.963941736240959,3
CANDIDATE_007,BNBUSDT,1D,2025-08-31 00:00:00+00:00,2025-09-04 00:00:00+00:00,long,862.6,855.21,-0.856712265244608,-0.976712265244608,4
CANDIDATE_007,BNBUSDT,1D,2025-09-16 00:00:00+00:00,2025-09-18 00:00:00+00:00,long,920.11,990.81,7.683863885839726,7.563863885839726,2
CANDIDATE_007,BNBUSDT,1D,2025-09-23 00:00:00+00:00,2025-09-29 00:00:00+00:00,long,993.51,993.1,-0.04126782820504937,-0.16126782820504937,6
CANDIDATE_007,BNBUSDT,1D,2025-10-11 00:00:00+00:00,2025-10-13 00:00:00+00:00,long,1102.99,1302.92,18.126184280909175,18.006184280909174,2
CANDIDATE_007,BNBUSDT,1D,2025-10-15 00:00:00+00:00,2025-10-24 00:00:00+00:00,long,1208.03,1125.61,-6.822678244745584,-6.942678244745584,9
CANDIDATE_007,BNBUSDT,1D,2025-10-29 00:00:00+00:00,2025-11-02 00:00:00+00:00,long,1102.34,1094.23,-0.7357076763974679,-0.8557076763974679,4
CANDIDATE_007,BNBUSDT,1D,2026-01-08 00:00:00+00:00,2026-01-11 00:00:00+00:00,long,900.85,908.45,0.843647666093128,0.723647666093128,3
CANDIDATE_007,BNBUSDT,1D,2026-01-19 00:00:00+00:00,2026-01-25 00:00:00+00:00,long,932.73,887.65,-4.833124269617151,-4.953124269617151,6
CANDIDATE_007,XRPUSDT,1D,2020-08-08 00:00:00+00:00,2020-08-14 00:00:00+00:00,long,0.2947,0.2947,0.0,-0.12,6
CANDIDATE_007,XRPUSDT,1D,2020-08-19 00:00:00+00:00,2020-08-25 00:00:00+00:00,long,0.3029,0.2886,-4.72103004291845,-4.84103004291845,6
CANDIDATE_007,XRPUSDT,1D,2020-09-03 00:00:00+00:00,2020-09-11 00:00:00+00:00,long,0.276,0.243,-11.956521739130444,-12.076521739130444,8
CANDIDATE_007,XRPUSDT,1D,2020-10-26 00:00:00+00:00,2020-11-04 00:00:00+00:00,long,0.2534,0.2394,-5.524861878453047,-5.644861878453047,9
CANDIDATE_007,XRPUSDT,1D,2020-11-10 00:00:00+00:00,2020-11-12 00:00:00+00:00,long,0.2508,0.256,2.0733652312599604,1.9533652312599603,2
CANDIDATE_007,XRPUSDT,1D,2020-11-27 00:00:00+00:00,2020-11-29 00:00:00+00:00,long,0.537,0.6257,16.51769087523278,16.39769087523278,2
CANDIDATE_007,XRPUSDT,1D,2020-12-02 00:00:00+00:00,2020-12-04 00:00:00+00:00,long,0.6114,0.6307,3.156689564932935,3.036689564932935,2
CANDIDATE_007,XRPUSDT,1D,2020-12-09 00:00:00+00:00,2020-12-17 00:00:00+00:00,long,0.5586,0.5687,1.8080916577157158,1.6880916577157157,8
CANDIDATE_007,XRPUSDT,1D,2020-12-21 00:00:00+00:00,2020-12-31 00:00:00+00:00,long,0.5558,0.2196,-60.48938467074487,-60.609384670744866,10
CANDIDATE_007,XRPUSDT,1D,2021-02-02 00:00:00+00:00,2021-02-05 00:00:00+00:00,long,0.3716,0.4463,20.102260495156088,19.982260495156087,3
CANDIDATE_007,XRPUSDT,1D,2021-02-08 00:00:00+00:00,2021-02-10 00:00:00+00:00,long,0.4188,0.4772,13.944603629417385,13.824603629417386,2
CANDIDATE_007,XRPUSDT,1D,2021-02-16 00:00:00+00:00,2021-02-20 00:00:00+00:00,long,0.55,0.5666,3.0181818181818088,2.8981818181818086,4
CANDIDATE_007,XRPUSDT,1D,2021-02-24 00:00:00+00:00,2021-03-02 00:00:00+00:00,long,0.4765,0.4459,-6.4218258132213935,-6.541825813221394,6
CANDIDATE_007,XRPUSDT,1D,2021-03-11 00:00:00+00:00,2021-03-17 00:00:00+00:00,long,0.4621,0.4608,-0.2813243886604644,-0.4013243886604644,6
CANDIDATE_007,XRPUSDT,1D,2021-04-17 00:00:00+00:00,2021-04-27 00:00:00+00:00,long,1.5515,1.3645,-12.052852078633581,-12.17285207863358,10
CANDIDATE_007,XRPUSDT,1D,2021-05-05 00:00:00+00:00,2021-05-07 00:00:00+00:00,long,1.3882,1.6052,15.631753349661427,15.511753349661427,2
CANDIDATE_007,XRPUSDT,1D,2021-05-10 00:00:00+00:00,2021-05-15 00:00:00+00:00,long,1.5365,1.4003,-8.86430198503091,-8.984301985030909,5
CANDIDATE_007,XRPUSDT,1D,2021-08-18 00:00:00+00:00,2021-08-20 00:00:00+00:00,long,1.0982,1.2357,12.520488071389547,12.400488071389548,2
CANDIDATE_007,XRPUSDT,1D,2021-08-25 00:00:00+00:00,2021-08-28 00:00:00+00:00,long,1.1358,1.1927,5.00968480366264,4.8896848036626395,3
CANDIDATE_007,XRPUSDT,1D,2021-08-30 00:00:00+00:00,2021-09-01 00:00:00+00:00,long,1.1422,1.1872,3.939765365084913,3.819765365084913,2
CANDIDATE_007,XRPUSDT,1D,2021-09-08 00:00:00+00:00,2021-09-13 00:00:00+00:00,long,1.1293,1.1194,-0.8766492517488733,-0.9966492517488733,5
CANDIDATE_007,XRPUSDT,1D,2021-09-17 00:00:00+00:00,2021-09-23 00:00:00+00:00,long,1.0908,1.003,-8.04913824715806,-8.16913824715806,6
CANDIDATE_007,XRPUSDT,1D,2021-10-13 00:00:00+00:00,2021-10-15 00:00:00+00:00,long,1.1022,1.1346,2.939575394665206,2.819575394665206,2
CANDIDATE_007,XRPUSDT,1D,2021-10-18 00:00:00+00:00,2021-10-21 00:00:00+00:00,long,1.0947,1.1464,4.722755092719466,4.602755092719466,3
CANDIDATE_007,XRPUSDT,1D,2021-11-06 00:00:00+00:00,2021-11-08 00:00:00+00:00,long,1.1591,1.2215,5.383487188335789,5.263487188335789,2
CANDIDATE_007,XRPUSDT,1D,2021-11-11 00:00:00+00:00,2021-11-21 00:00:00+00:00,long,1.1902,1.0975,-7.7886069568139815,-7.908606956813982,10
CANDIDATE_007,XRPUSDT,1D,2022-10-11 00:00:00+00:00,2022-10-15 00:00:00+00:00,long,0.4938,0.488,-1.174564601053063,-1.2945646010530631,4
CANDIDATE_007,XRPUSDT,1D,2022-10-25 00:00:00+00:00,2022-10-27 00:00:00+00:00,long,0.4527,0.4686,3.5122597746852335,3.3922597746852334,2
CANDIDATE_007,XRPUSDT,1D,2022-10-31 00:00:00+00:00,2022-11-05 00:00:00+00:00,long,0.4578,0.506,10.528615115771078,10.40861511577108,5
CANDIDATE_007,XRPUSDT,1D,2022-11-07 00:00:00+00:00,2022-11-15 00:00:00+00:00,long,0.4707,0.3773,-19.842787338007216,-19.962787338007217,8
CANDIDATE_007,XRPUSDT,1D,2023-01-25 00:00:00+00:00,2023-01-30 00:00:00+00:00,long,0.4075,0.4133,1.423312883435579,1.303312883435579,5
CANDIDATE_007,XRPUSDT,1D,2023-02-06 00:00:00+00:00,2023-02-08 00:00:00+00:00,long,0.3983,0.4035,1.305548581471272,1.1855485814712718,2
CANDIDATE_007,XRPUSDT,1D,2023-03-25 00:00:00+00:00,2023-03-27 00:00:00+00:00,long,0.4255,0.4477,5.217391304347818,5.097391304347818,2
CANDIDATE_007,XRPUSDT,1D,2023-04-02 00:00:00+00:00,2023-04-08 00:00:00+00:00,long,0.5092,0.5124,0.628436763550666,0.508436763550666,6
CANDIDATE_007,XRPUSDT,1D,2023-04-13 00:00:00+00:00,2023-04-15 00:00:00+00:00,long,0.5045,0.5228,3.6273538156590845,3.5073538156590844,2
CANDIDATE_007,XRPUSDT,1D,2023-04-18 00:00:00+00:00,2023-04-26 00:00:00+00:00,long,0.5109,0.4694,-8.1229203366608,-8.242920336660799,8
CANDIDATE_007,XRPUSDT,1D,2023-05-01 00:00:00+00:00,2023-05-06 00:00:00+00:00,long,0.4703,0.4667,-0.7654688496704254,-0.8854688496704254,5
CANDIDATE_007,XRPUSDT,1D,2023-06-06 00:00:00+00:00,2023-06-09 00:00:00+00:00,long,0.5086,0.5234,2.909948879276425,2.789948879276425,3
CANDIDATE_007,XRPUSDT,1D,2023-06-11 00:00:00+00:00,2023-06-13 00:00:00+00:00,long,0.5065,0.5247,3.5932872655479065,3.4732872655479063,2
CANDIDATE_007,XRPUSDT,1D,2023-06-25 00:00:00+00:00,2023-07-03 00:00:00+00:00,long,0.4863,0.4843,-0.41126876413736246,-0.5312687641373625,8
CANDIDATE_007,XRPUSDT,1D,2023-07-18 00:00:00+00:00,2023-07-20 00:00:00+00:00,long,0.7369,0.8193,11.18197855882752,11.061978558827521,2
CANDIDATE_007,XRPUSDT,1D,2023-07-22 00:00:00+00:00,2023-07-29 00:00:00+00:00,long,0.7709,0.7115,-7.705279543390842,-7.825279543390842,7
CANDIDATE_007,XRPUSDT,1D,2023-08-03 00:00:00+00:00,2023-08-09 00:00:00+00:00,long,0.6845,0.6416,-6.2673484295106,-6.3873484295106,6
CANDIDATE_007,XRPUSDT,1D,2023-08-11 00:00:00+00:00,2023-08-15 00:00:00+00:00,long,0.633,0.6338,0.1263823064771019,0.006382306477101918,4
CANDIDATE_007,XRPUSDT,1D,2023-10-28 00:00:00+00:00,2023-10-30 00:00:00+00:00,long,0.5433,0.5564,2.4111908706055507,2.2911908706055506,2
CANDIDATE_007,XRPUSDT,1D,2023-11-10 00:00:00+00:00,2023-11-14 00:00:00+00:00,long,0.6671,0.6705,0.509668715335021,0.389668715335021,4
CANDIDATE_007,XRPUSDT,1D,2023-11-21 00:00:00+00:00,2023-11-23 00:00:00+00:00,long,0.6122,0.6113,-0.1470107807905907,-0.2670107807905907,2
CANDIDATE_007,XRPUSDT,1D,2023-11-27 00:00:00+00:00,2023-12-02 00:00:00+00:00,long,0.6159,0.6128,-0.5033284624127332,-0.6233284624127332,5
CANDIDATE_007,XRPUSDT,1D,2024-03-06 00:00:00+00:00,2024-03-08 00:00:00+00:00,long,0.5915,0.628,6.170752324598472,6.050752324598472,2
CANDIDATE_007,XRPUSDT,1D,2024-03-11 00:00:00+00:00,2024-03-13 00:00:00+00:00,long,0.6087,0.6887,13.142763265976654,13.022763265976655,2
CANDIDATE_007,XRPUSDT,1D,2024-03-15 00:00:00+00:00,2024-03-19 00:00:00+00:00,long,0.6698,0.6457,-3.5980889817855966,-3.7180889817855967,4
CANDIDATE_007,XRPUSDT,1D,2024-03-23 00:00:00+00:00,2024-03-25 00:00:00+00:00,long,0.6119,0.6333,3.497303480960934,3.3773034809609337,2
CANDIDATE_007,XRPUSDT,1D,2024-03-28 00:00:00+00:00,2024-03-30 00:00:00+00:00,long,0.6123,0.6307,3.005062877674347,2.885062877674347,2
CANDIDATE_007,XRPUSDT,1D,2024-04-02 00:00:00+00:00,2024-04-07 00:00:00+00:00,long,0.6115,0.5933,-2.9762878168438256,-3.0962878168438257,5
CANDIDATE_007,XRPUSDT,1D,2024-07-20 00:00:00+00:00,2024-07-22 00:00:00+00:00,long,0.573,0.5983,4.415357766143124,4.295357766143124,2
CANDIDATE_007,XRPUSDT,1D,2024-07-26 00:00:00+00:00,2024-07-30 00:00:00+00:00,long,0.5993,0.6017,0.40046721174702427,0.28046721174702427,4
CANDIDATE_007,XRPUSDT,1D,2024-08-02 00:00:00+00:00,2024-08-08 00:00:00+00:00,long,0.5961,0.6001,0.6710283509478332,0.5510283509478332,6
CANDIDATE_007,XRPUSDT,1D,2024-08-12 00:00:00+00:00,2024-08-14 00:00:00+00:00,long,0.5525,0.5765,4.343891402714939,4.223891402714939,2
CANDIDATE_007,XRPUSDT,1D,2024-08-26 00:00:00+00:00,2024-09-01 00:00:00+00:00,long,0.5996,0.5661,-5.587058038692461,-5.707058038692461,6
CANDIDATE_007,XRPUSDT,1D,2024-09-21 00:00:00+00:00,2024-09-25 00:00:00+00:00,long,0.5847,0.5908,1.04327005301863,0.9232700530186301,4
CANDIDATE_007,XRPUSDT,1D,2024-10-02 00:00:00+00:00,2024-10-07 00:00:00+00:00,long,0.5965,0.5334,-10.578373847443423,-10.698373847443422,5
CANDIDATE_007,XRPUSDT,1D,2024-11-27 00:00:00+00:00,2024-11-29 00:00:00+00:00,long,1.3992,1.543,10.277301315037167,10.157301315037168,2
CANDIDATE_007,XRPUSDT,1D,2024-12-05 00:00:00+00:00,2024-12-08 00:00:00+00:00,long,2.3599,2.6119,10.678418577058334,10.558418577058335,3
CANDIDATE_007,XRPUSDT,1D,2024-12-10 00:00:00+00:00,2024-12-14 00:00:00+00:00,long,2.2122,2.4219,9.479251423921875,9.359251423921876,4
CANDIDATE_007,XRPUSDT,1D,2024-12-19 00:00:00+00:00,2024-12-24 00:00:00+00:00,long,2.3089,2.2612,-2.065918835809255,-2.185918835809255,5
CANDIDATE_007,XRPUSDT,1D,2024-12-27 00:00:00+00:00,2025-01-02 00:00:00+00:00,long,2.1549,2.3321,8.223119402292456,8.103119402292457,6
CANDIDATE_007,XRPUSDT,1D,2025-01-06 00:00:00+00:00,2025-01-11 00:00:00+00:00,long,2.3988,2.3411,-2.4053693513423458,-2.525369351342346,5
CANDIDATE_007,XRPUSDT,1D,2025-01-20 00:00:00+00:00,2025-01-22 00:00:00+00:00,long,2.9552,3.1735,7.386978884677853,7.266978884677853,2
CANDIDATE_007,XRPUSDT,1D,2025-01-25 00:00:00+00:00,2025-01-30 00:00:00+00:00,long,3.0984,3.0671,-1.0101988122902084,-1.1301988122902085,5
CANDIDATE_007,XRPUSDT,1D,2025-02-01 00:00:00+00:00,2025-02-09 00:00:00+00:00,long,3.0347,2.4178,-20.328203776320553,-20.448203776320554,8
CANDIDATE_007,XRPUSDT,1D,2025-04-27 00:00:00+00:00,2025-04-29 00:00:00+00:00,long,2.1898,2.2941,4.762992054068849,4.6429920540688485,2
CANDIDATE_007,XRPUSDT,1D,2025-05-16 00:00:00+00:00,2025-05-19 00:00:00+00:00,long,2.3842,2.4271,1.7993456924754625,1.6793456924754624,3
CANDIDATE_007,XRPUSDT,1D,2025-05-24 00:00:00+00:00,2025-06-03 00:00:00+00:00,long,2.2953,2.1956,-4.343658780987225,-4.463658780987225,10
CANDIDATE_007,XRPUSDT,1D,2025-07-24 00:00:00+00:00,2025-07-28 00:00:00+00:00,long,3.1846,3.2377,1.6673993594171765,1.5473993594171764,4
CANDIDATE_007,XRPUSDT,1D,2025-08-11 00:00:00+00:00,2025-08-13 00:00:00+00:00,long,3.1855,3.2666,2.5459111599434925,2.4259111599434924,2
CANDIDATE_007,XRPUSDT,1D,2025-08-15 00:00:00+00:00,2025-08-23 00:00:00+00:00,long,3.0775,3.0738,-0.12022745735175144,-0.24022745735175144,8
CANDIDATE_007,XRPUSDT,1D,2025-09-15 00:00:00+00:00,2025-09-18 00:00:00+00:00,long,3.0265,3.0831,1.8701470345283244,1.7501470345283243,3
CANDIDATE_007,XRPUSDT,1D,2025-10-06 00:00:00+00:00,2025-10-14 00:00:00+00:00,long,2.9678,2.6042,-12.25149942718512,-12.37149942718512,8
CANDIDATE_007,ADAUSDT,1D,2020-10-15 00:00:00+00:00,2020-10-19 00:00:00+00:00,long,0.10711,0.10745,0.31743067874148156,0.19743067874148157,4
CANDIDATE_007,ADAUSDT,1D,2020-10-21 00:00:00+00:00,2020-10-23 00:00:00+00:00,long,0.10237,0.11085,8.283676858454637,8.163676858454638,2
CANDIDATE_007,ADAUSDT,1D,2020-10-26 00:00:00+00:00,2020-11-02 00:00:00+00:00,long,0.10649,0.09822,-7.765987416658837,-7.885987416658837,7
CANDIDATE_007,ADAUSDT,1D,2020-11-13 00:00:00+00:00,2020-11-18 00:00:00+00:00,long,0.10461,0.10971,4.87525093203327,4.75525093203327,5
CANDIDATE_007,ADAUSDT,1D,2020-11-27 00:00:00+00:00,2020-11-29 00:00:00+00:00,long,0.13878,0.16501,18.90041792765529,18.78041792765529,2
CANDIDATE_007,ADAUSDT,1D,2020-12-02 00:00:00+00:00,2020-12-04 00:00:00+00:00,long,0.15564,0.16422,5.512721665381659,5.392721665381659,2
CANDIDATE_007,ADAUSDT,1D,2020-12-08 00:00:00+00:00,2020-12-13 00:00:00+00:00,long,0.15413,0.14442,-6.299876727437869,-6.419876727437869,5
CANDIDATE_007,ADAUSDT,1D,2020-12-21 00:00:00+00:00,2020-12-25 00:00:00+00:00,long,0.16205,0.15312,-5.51064486269669,-5.63064486269669,4
CANDIDATE_007,ADAUSDT,1D,2021-01-02 00:00:00+00:00,2021-01-04 00:00:00+00:00,long,0.17526,0.20674,17.96188519913273,17.84188519913273,2
CANDIDATE_007,ADAUSDT,1D,2021-01-11 00:00:00+00:00,2021-01-14 00:00:00+00:00,long,0.30185,0.31256,3.5481199271161223,3.4281199271161222,3
CANDIDATE_007,ADAUSDT,1D,2021-01-22 00:00:00+00:00,2021-01-25 00:00:00+00:00,long,0.30804,0.35396,14.907154914946119,14.78715491494612,3
CANDIDATE_007,ADAUSDT,1D,2021-01-27 00:00:00+00:00,2021-01-29 00:00:00+00:00,long,0.34386,0.34424,0.11051009131624046,-0.00948990868375954,2
CANDIDATE_007,ADAUSDT,1D,2021-02-15 00:00:00+00:00,2021-02-18 00:00:00+00:00,long,0.84499,0.89407,5.808352761571145,5.688352761571145,3
CANDIDATE_007,ADAUSDT,1D,2021-02-24 00:00:00+00:00,2021-02-26 00:00:00+00:00,long,0.96144,1.07638,11.95498419038108,11.83498419038108,2
CANDIDATE_007,ADAUSDT,1D,2021-03-03 00:00:00+00:00,2021-03-10 00:00:00+00:00,long,1.22288,1.19886,-1.9642156221378992,-2.0842156221378993,7
CANDIDATE_007,ADAUSDT,1D,2021-03-21 00:00:00+00:00,2021-03-27 00:00:00+00:00,long,1.2022,1.21608,1.154549991681919,1.034549991681919,6
CANDIDATE_007,ADAUSDT,1D,2021-04-01 00:00:00+00:00,2021-04-06 00:00:00+00:00,long,1.19365,1.21422,1.7232857202697627,1.6032857202697626,5
CANDIDATE_007,ADAUSDT,1D,2021-04-08 00:00:00+00:00,2021-04-11 00:00:00+00:00,long,1.17414,1.21899,3.8198170575910906,3.6998170575910905,3
CANDIDATE_007,ADAUSDT,1D,2021-04-17 00:00:00+00:00,2021-04-27 00:00:00+00:00,long,1.41283,1.23814,-12.36454492047876,-12.48454492047876,10
CANDIDATE_007,ADAUSDT,1D,2021-05-03 00:00:00+00:00,2021-05-06 00:00:00+00:00,long,1.32816,1.48234,11.608541139621732,11.488541139621733,3
CANDIDATE_007,ADAUSDT,1D,2021-05-11 00:00:00+00:00,2021-05-14 00:00:00+00:00,long,1.64248,1.9297,17.48697092202036,17.36697092202036,3
CANDIDATE_007,ADAUSDT,1D,2021-05-18 00:00:00+00:00,2021-05-25 00:00:00+00:00,long,2.0309,1.5481,-23.772711605692052,-23.892711605692053,7
CANDIDATE_007,ADAUSDT,1D,2021-05-29 00:00:00+00:00,2021-06-01 00:00:00+00:00,long,1.5143,1.7369,14.699861322063,14.579861322063001,3
CANDIDATE_007,ADAUSDT,1D,2021-06-05 00:00:00+00:00,2021-06-10 00:00:00+00:00,long,1.7086,1.628,-4.717312419524755,-4.837312419524755,5
CANDIDATE_007,ADAUSDT,1D,2021-08-17 00:00:00+00:00,2021-08-19 00:00:00+00:00,long,2.0731,2.1055,1.5628768510925761,1.442876851092576,2
CANDIDATE_007,ADAUSDT,1D,2021-08-27 00:00:00+00:00,2021-08-29 00:00:00+00:00,long,2.5312,2.85,12.594816687737032,12.474816687737032,2
CANDIDATE_007,ADAUSDT,1D,2021-08-31 00:00:00+00:00,2021-09-02 00:00:00+00:00,long,2.7358,2.8735,5.033262665399518,4.913262665399518,2
CANDIDATE_007,ADAUSDT,1D,2021-09-05 00:00:00+00:00,2021-09-12 00:00:00+00:00,long,2.8355,2.6367,-7.0111091518250905,-7.131109151825091,7
CANDIDATE_007,ADAUSDT,1D,2021-09-14 00:00:00+00:00,2021-09-16 00:00:00+00:00,long,2.4004,2.5055,4.378436927178808,4.258436927178808,2
CANDIDATE_007,ADAUSDT,1D,2023-02-20 00:00:00+00:00,2023-03-02 00:00:00+00:00,long,0.3994,0.3502,-12.318477716574849,-12.438477716574848,10
CANDIDATE_007,ADAUSDT,1D,2023-04-03 00:00:00+00:00,2023-04-06 00:00:00+00:00,long,0.3812,0.3921,2.8593913955928807,2.7393913955928806,3
CANDIDATE_007,ADAUSDT,1D,2023-04-18 00:00:00+00:00,2023-04-26 00:00:00+00:00,long,0.4345,0.3942,-9.275028768699656,-9.395028768699655,8
CANDIDATE_007,ADAUSDT,1D,2023-04-30 00:00:00+00:00,2023-05-04 00:00:00+00:00,long,0.4022,0.394,-2.0387866732968662,-2.1587866732968664,4
CANDIDATE_007,ADAUSDT,1D,2023-11-14 00:00:00+00:00,2023-11-16 00:00:00+00:00,long,0.3569,0.3788,6.136172597366207,6.016172597366207,2
CANDIDATE_007,ADAUSDT,1D,2023-11-22 00:00:00+00:00,2023-11-24 00:00:00+00:00,long,0.3568,0.3874,8.576233183856496,8.456233183856497,2
CANDIDATE_007,ADAUSDT,1D,2023-11-28 00:00:00+00:00,2023-12-02 00:00:00+00:00,long,0.3777,0.3845,1.8003706645485895,1.6803706645485894,4
CANDIDATE_007,ADAUSDT,1D,2023-12-16 00:00:00+00:00,2023-12-22 00:00:00+00:00,long,0.6008,0.6359,5.842210386151803,5.7222103861518026,6
CANDIDATE_007,ADAUSDT,1D,2023-12-25 00:00:00+00:00,2023-12-28 00:00:00+00:00,long,0.5922,0.6343,7.109084768659235,6.989084768659235,3
CANDIDATE_007,ADAUSDT,1D,2023-12-30 00:00:00+00:00,2024-01-02 00:00:00+00:00,long,0.6085,0.6241,2.563681183237465,2.443681183237465,3
CANDIDATE_007,ADAUSDT,1D,2024-01-13 00:00:00+00:00,2024-01-23 00:00:00+00:00,long,0.5478,0.477,-12.924424972617743,-13.044424972617742,10
CANDIDATE_007,ADAUSDT,1D,2024-02-14 00:00:00+00:00,2024-02-16 00:00:00+00:00,long,0.545,0.6093,11.798165137614669,11.67816513761467,2
CANDIDATE_007,ADAUSDT,1D,2024-02-22 00:00:00+00:00,2024-02-26 00:00:00+00:00,long,0.599,0.5921,-1.1519198664440733,-1.2719198664440734,4
CANDIDATE_007,ADAUSDT,1D,2024-03-06 00:00:00+00:00,2024-03-08 00:00:00+00:00,long,0.692,0.7437,7.471098265895959,7.351098265895959,2
CANDIDATE_007,ADAUSDT,1D,2024-03-11 00:00:00+00:00,2024-03-13 00:00:00+00:00,long,0.7172,0.7487,4.392080312325719,4.272080312325719,2
CANDIDATE_007,ADAUSDT,1D,2024-03-15 00:00:00+00:00,2024-03-24 00:00:00+00:00,long,0.7516,0.6236,-17.03033528472592,-17.15033528472592,9
CANDIDATE_007,ADAUSDT,1D,2024-03-29 00:00:00+00:00,2024-04-07 00:00:00+00:00,long,0.6517,0.5842,-10.35752646923429,-10.47752646923429,9
CANDIDATE_007,ADAUSDT,1D,2024-11-15 00:00:00+00:00,2024-11-17 00:00:00+00:00,long,0.5794,0.742,28.063513979979284,27.943513979979283,2
CANDIDATE_007,ADAUSDT,1D,2024-11-26 00:00:00+00:00,2024-11-28 00:00:00+00:00,long,0.9445,1.0122,7.167813658020106,7.047813658020106,2
CANDIDATE_007,ADAUSDT,1D,2024-12-06 00:00:00+00:00,2024-12-08 00:00:00+00:00,long,1.1605,1.2116,4.403274450667816,4.2832744506678155,2
CANDIDATE_007,ADAUSDT,1D,2024-12-15 00:00:00+00:00,2024-12-24 00:00:00+00:00,long,1.0603,0.9262,-12.647363953598035,-12.767363953598034,9
CANDIDATE_007,ADAUSDT,1D,2025-03-07 00:00:00+00:00,2025-03-13 00:00:00+00:00,long,0.9058,0.7353,-18.823139765952757,-18.943139765952758,6
CANDIDATE_007,ADAUSDT,1D,2025-05-15 00:00:00+00:00,2025-05-22 00:00:00+00:00,long,0.7982,0.7691,-3.6457028313705897,-3.76570283137059,7
CANDIDATE_007,ADAUSDT,1D,2025-07-24 00:00:00+00:00,2025-07-28 00:00:00+00:00,long,0.8157,0.8317,1.9615054554370515,1.8415054554370514,4
CANDIDATE_007,ADAUSDT,1D,2025-08-12 00:00:00+00:00,2025-08-14 00:00:00+00:00,long,0.7723,0.9043,17.09180370322414,16.97180370322414,2
CANDIDATE_007,ADAUSDT,1D,2025-08-19 00:00:00+00:00,2025-08-23 00:00:00+00:00,long,0.9229,0.9315,0.9318452703434676,0.8118452703434677,4
CANDIDATE_007,ADAUSDT,1D,2025-08-26 00:00:00+00:00,2025-09-03 00:00:00+00:00,long,0.8366,0.8349,-0.20320344250538414,-0.32320344250538413,8
CANDIDATE_007,ADAUSDT,1D,2025-09-15 00:00:00+00:00,2025-09-18 00:00:00+00:00,long,0.8872,0.9134,2.9531109107303832,2.833110910730383,3
CANDIDATE_007,ADAUSDT,1D,2025-09-20 00:00:00+00:00,2025-09-29 00:00:00+00:00,long,0.8898,0.8083,-9.159361654304343,-9.279361654304342,9
CANDIDATE_007,DOGEUSDT,1D,2021-02-02 00:00:00+00:00,2021-02-04 00:00:00+00:00,long,0.034837,0.03736,7.242299853603917,7.122299853603917,2
CANDIDATE_007,DOGEUSDT,1D,2021-02-12 00:00:00+00:00,2021-02-19 00:00:00+00:00,long,0.06974,0.058828,-15.646687697160877,-15.766687697160876,7
CANDIDATE_007,DOGEUSDT,1D,2021-02-21 00:00:00+00:00,2021-02-25 00:00:00+00:00,long,0.054154,0.056747,4.78819662444141,4.66819662444141,4
CANDIDATE_007,DOGEUSDT,1D,2021-03-06 00:00:00+00:00,2021-03-08 00:00:00+00:00,long,0.049524,0.05208,5.161133995638489,5.041133995638489,2
CANDIDATE_007,DOGEUSDT,1D,2021-03-11 00:00:00+00:00,2021-03-14 00:00:00+00:00,long,0.05594,0.062822,12.30246692885235,12.182466928852351,3
CANDIDATE_007,DOGEUSDT,1D,2021-03-16 00:00:00+00:00,2021-03-20 00:00:00+00:00,long,0.057047,0.058343,2.2718109628902416,2.1518109628902415,4
CANDIDATE_007,DOGEUSDT,1D,2021-03-22 00:00:00+00:00,2021-03-27 00:00:00+00:00,long,0.05758,0.053969,-6.271274748176447,-6.391274748176447,5
CANDIDATE_007,DOGEUSDT,1D,2021-04-04 00:00:00+00:00,2021-04-06 00:00:00+00:00,long,0.05556,0.060082,8.138948884089281,8.018948884089282,2
CANDIDATE_007,DOGEUSDT,1D,2021-04-08 00:00:00+00:00,2021-04-10 00:00:00+00:00,long,0.058833,0.061704,4.879914333792246,4.759914333792246,2
CANDIDATE_007,DOGEUSDT,1D,2021-04-21 00:00:00+00:00,2021-04-27 00:00:00+00:00,long,0.317475,0.271924,-14.347901409559816,-14.467901409559815,6
CANDIDATE_007,DOGEUSDT,1D,2021-05-10 00:00:00+00:00,2021-05-14 00:00:00+00:00,long,0.570871,0.4895,-14.253833177723163,-14.373833177723162,4
CANDIDATE_007,DOGEUSDT,1D,2021-05-18 00:00:00+00:00,2021-05-25 00:00:00+00:00,long,0.48786,0.36549,-25.083015619235027,-25.20301561923503,7
CANDIDATE_007,DOGEUSDT,1D,2021-08-18 00:00:00+00:00,2021-08-20 00:00:00+00:00,long,0.29953,0.31811,6.203051447267383,6.0830514472673824,2
CANDIDATE_007,DOGEUSDT,1D,2021-08-23 00:00:00+00:00,2021-08-28 00:00:00+00:00,long,0.31491,0.29462,-6.443110730049861,-6.5631107300498615,5
CANDIDATE_007,DOGEUSDT,1D,2021-08-30 00:00:00+00:00,2021-09-02 00:00:00+00:00,long,0.28126,0.2947,4.778496764559481,4.658496764559481,3
CANDIDATE_007,DOGEUSDT,1D,2022-11-04 00:00:00+00:00,2022-11-13 00:00:00+00:00,long,0.12251,0.08809,-28.09566565994612,-28.215665659946122,9
CANDIDATE_007,DOGEUSDT,1D,2022-11-15 00:00:00+00:00,2022-11-24 00:00:00+00:00,long,0.0859,0.08192,-4.633294528521537,-4.753294528521537,9
CANDIDATE_007,DOGEUSDT,1D,2022-12-04 00:00:00+00:00,2022-12-14 00:00:00+00:00,long,0.09964,0.08821,-11.471296668004827,-11.591296668004826,10
CANDIDATE_007,DOGEUSDT,1D,2023-01-17 00:00:00+00:00,2023-01-21 00:00:00+00:00,long,0.08373,0.08624,2.997730801385412,2.877730801385412,4
CANDIDATE_007,DOGEUSDT,1D,2023-01-25 00:00:00+00:00,2023-01-28 00:00:00+00:00,long,0.08391,0.08728,4.016207841735198,3.8962078417351975,3
CANDIDATE_007,DOGEUSDT,1D,2023-02-03 00:00:00+00:00,2023-02-05 00:00:00+00:00,long,0.09101,0.09574,5.197231073508424,5.077231073508424,2
CANDIDATE_007,DOGEUSDT,1D,2023-02-20 00:00:00+00:00,2023-03-02 00:00:00+00:00,long,0.08703,0.08191,-5.883028840629667,-6.003028840629667,10
CANDIDATE_007,DOGEUSDT,1D,2023-04-07 00:00:00+00:00,2023-04-11 00:00:00+00:00,long,0.08538,0.0847,-0.7964394471773217,-0.9164394471773217,4
CANDIDATE_007,DOGEUSDT,1D,2023-04-20 00:00:00+00:00,2023-04-26 00:00:00+00:00,long,0.08782,0.07974,-9.200637667957178,-9.320637667957177,6
CANDIDATE_007,DOGEUSDT,1D,2023-07-29 00:00:00+00:00,2023-08-06 00:00:00+00:00,long,0.07714,0.07568,-1.8926626912107891,-2.0126626912107892,8
CANDIDATE_007,DOGEUSDT,1D,2023-11-10 00:00:00+00:00,2023-11-12 00:00:00+00:00,long,0.07358,0.07851,6.700190269094852,6.580190269094852,2
CANDIDATE_007,DOGEUSDT,1D,2023-11-14 00:00:00+00:00,2023-11-16 00:00:00+00:00,long,0.07456,0.07628,2.306866952789699,2.186866952789699,2
CANDIDATE_007,DOGEUSDT,1D,2023-11-20 00:00:00+00:00,2023-11-25 00:00:00+00:00,long,0.0805,0.07816,-2.9068322981366523,-3.0268322981366524,5
CANDIDATE_007,DOGEUSDT,1D,2023-12-12 00:00:00+00:00,2023-12-15 00:00:00+00:00,long,0.09413,0.09837,4.504408796345483,4.3844087963454825,3
CANDIDATE_007,DOGEUSDT,1D,2023-12-18 00:00:00+00:00,2023-12-22 00:00:00+00:00,long,0.093,0.09509,2.247311827956988,2.127311827956988,4
CANDIDATE_007,DOGEUSDT,1D,2023-12-25 00:00:00+00:00,2023-12-28 00:00:00+00:00,long,0.09176,0.09378,2.201394943330426,2.0813949433304257,3
CANDIDATE_007,DOGEUSDT,1D,2024-02-18 00:00:00+00:00,2024-02-20 00:00:00+00:00,long,0.08362,0.08949,7.0198517101171864,6.899851710117186,2
CANDIDATE_007,DOGEUSDT,1D,2024-02-22 00:00:00+00:00,2024-02-25 00:00:00+00:00,long,0.08462,0.08622,1.8908059560387658,1.7708059560387657,3
CANDIDATE_007,DOGEUSDT,1D,2024-03-06 00:00:00+00:00,2024-03-09 00:00:00+00:00,long,0.15306,0.16466,7.578727296485033,7.458727296485033,3
CANDIDATE_007,DOGEUSDT,1D,2024-03-13 00:00:00+00:00,2024-03-15 00:00:00+00:00,long,0.16827,0.17741,5.431746597729847,5.311746597729847,2
CANDIDATE_007,DOGEUSDT,1D,2024-03-31 00:00:00+00:00,2024-04-07 00:00:00+00:00,long,0.19929,0.18586,-6.738923177279343,-6.858923177279343,7
CANDIDATE_007,DOGEUSDT,1D,2024-04-10 00:00:00+00:00,2024-04-20 00:00:00+00:00,long,0.18926,0.15626,-17.43633097326429,-17.55633097326429,10
CANDIDATE_007,DOGEUSDT,1D,2024-05-24 00:00:00+00:00,2024-05-26 00:00:00+00:00,long,0.15973,0.1741,8.996431478119327,8.876431478119327,2
CANDIDATE_007,DOGEUSDT,1D,2024-05-29 00:00:00+00:00,2024-06-05 00:00:00+00:00,long,0.1651,0.16149,-2.18655360387644,-2.30655360387644,7
CANDIDATE_007,DOGEUSDT,1D,2024-10-23 00:00:00+00:00,2024-10-25 00:00:00+00:00,long,0.13964,0.14187,1.5969636207390447,1.4769636207390446,2
CANDIDATE_007,DOGEUSDT,1D,2024-11-01 00:00:00+00:00,2024-11-05 00:00:00+00:00,long,0.16163,0.15817,-2.140691703272901,-2.2606917032729013,4
CANDIDATE_007,DOGEUSDT,1D,2024-11-17 00:00:00+00:00,2024-11-19 00:00:00+00:00,long,0.36436,0.37145,1.9458777033702912,1.825877703370291,2
CANDIDATE_007,DOGEUSDT,1D,2024-11-26 00:00:00+00:00,2024-11-30 00:00:00+00:00,long,0.39282,0.42663,8.606995570490295,8.486995570490295,4
CANDIDATE_007,DOGEUSDT,1D,2024-12-04 00:00:00+00:00,2024-12-06 00:00:00+00:00,long,0.40671,0.42719,5.035529001008099,4.915529001008099,2
CANDIDATE_007,DOGEUSDT,1D,2024-12-10 00:00:00+00:00,2024-12-14 00:00:00+00:00,long,0.41395,0.409,-1.1957965937915205,-1.3157965937915206,4
CANDIDATE_007,DOGEUSDT,1D,2025-07-24 00:00:00+00:00,2025-07-28 00:00:00+00:00,long,0.24072,0.24059,-0.05400465270853916,-0.17400465270853915,4
CANDIDATE_007,DOGEUSDT,1D,2025-08-12 00:00:00+00:00,2025-08-14 00:00:00+00:00,long,0.22198,0.24478,10.271195603207484,10.151195603207485,2
CANDIDATE_007,DOGEUSDT,1D,2025-08-19 00:00:00+00:00,2025-08-23 00:00:00+00:00,long,0.22253,0.24051,8.079809463892506,7.959809463892506,4
CANDIDATE_007,DOGEUSDT,1D,2025-09-16 00:00:00+00:00,2025-09-18 00:00:00+00:00,long,0.26818,0.28242,5.3098665075695495,5.189866507569549,2
CANDIDATE_007,DOGEUSDT,1D,2025-09-20 00:00:00+00:00,2025-09-29 00:00:00+00:00,long,0.26513,0.23722,-10.526911326519063,-10.646911326519062,9
CANDIDATE_007,DOGEUSDT,1D,2025-10-06 00:00:00+00:00,2025-10-09 00:00:00+00:00,long,0.25268,0.25557,1.1437391166692956,1.0237391166692955,3
CANDIDATE_007,AVAXUSDT,1D,2021-04-17 00:00:00+00:00,2021-04-27 00:00:00+00:00,long,35.5359,26.4081,-25.686137117675358,-25.80613711767536,10
CANDIDATE_007,AVAXUSDT,1D,2021-05-05 00:00:00+00:00,2021-05-07 00:00:00+00:00,long,30.3626,38.1073,25.507367616739018,25.387367616739017,2
CANDIDATE_007,AVAXUSDT,1D,2021-05-11 00:00:00+00:00,2021-05-15 00:00:00+00:00,long,34.6758,37.022,6.76610200774026,6.64610200774026,4
CANDIDATE_007,AVAXUSDT,1D,2021-05-18 00:00:00+00:00,2021-05-26 00:00:00+00:00,long,33.655,19.46,-42.177982469172484,-42.29798246917248,8
CANDIDATE_007,AVAXUSDT,1D,2021-08-26 00:00:00+00:00,2021-08-28 00:00:00+00:00,long,46.301,50.191,8.401546402885462,8.281546402885462,2
CANDIDATE_007,AVAXUSDT,1D,2021-08-31 00:00:00+00:00,2021-09-03 00:00:00+00:00,long,41.471,47.616,14.817583371512622,14.697583371512623,3
CANDIDATE_007,AVAXUSDT,1D,2021-09-07 00:00:00+00:00,2021-09-11 00:00:00+00:00,long,47.136,49.374,4.747963340122197,4.6279633401221965,4
CANDIDATE_007,AVAXUSDT,1D,2021-09-15 00:00:00+00:00,2021-09-17 00:00:00+00:00,long,51.491,67.593,31.27148433706861,31.15148433706861,2
CANDIDATE_007,AVAXUSDT,1D,2021-09-21 00:00:00+00:00,2021-09-23 00:00:00+00:00,long,57.33,74.001,29.079016221873367,28.959016221873366,2
CANDIDATE_007,AVAXUSDT,1D,2021-09-26 00:00:00+00:00,2021-10-01 00:00:00+00:00,long,68.248,66.661,-2.32534286719025,-2.44534286719025,5
CANDIDATE_007,AVAXUSDT,1D,2021-10-05 00:00:00+00:00,2021-10-15 00:00:00+00:00,long,65.275,56.224,-13.865951742627358,-13.985951742627357,10
CANDIDATE_007,AVAXUSDT,1D,2021-10-28 00:00:00+00:00,2021-11-01 00:00:00+00:00,long,61.591,64.531,4.773424688672057,4.6534246886720565,4
CANDIDATE_007,AVAXUSDT,1D,2021-11-11 00:00:00+00:00,2021-11-14 00:00:00+00:00,long,85.15,97.677,14.711685261303575,14.591685261303576,3
CANDIDATE_007,AVAXUSDT,1D,2021-11-24 00:00:00+00:00,2021-11-30 00:00:00+00:00,long,123.937,120.489,-2.7820586265602687,-2.902058626560269,6
CANDIDATE_007,AVAXUSDT,1D,2021-12-03 00:00:00+00:00,2021-12-09 00:00:00+00:00,long,107.857,93.188,-13.600415364788565,-13.720415364788565,6
CANDIDATE_007,AVAXUSDT,1D,2021-12-25 00:00:00+00:00,2022-01-01 00:00:00+00:00,long,114.903,109.441,-4.753574754358025,-4.8735747543580255,7
CANDIDATE_007,AVAXUSDT,1D,2022-01-04 00:00:00+00:00,2022-01-12 00:00:00+00:00,long,108.105,89.514,-17.197169418620796,-17.317169418620797,8
CANDIDATE_007,AVAXUSDT,1D,2022-02-19 00:00:00+00:00,2022-02-25 00:00:00+00:00,long,83.62,76.35,-8.694092322410917,-8.814092322410916,6
CANDIDATE_007,AVAXUSDT,1D,2022-03-23 00:00:00+00:00,2022-03-25 00:00:00+00:00,long,83.89,87.56,4.374776493026578,4.2547764930265775,2
CANDIDATE_007,AVAXUSDT,1D,2022-04-05 00:00:00+00:00,2022-04-14 00:00:00+00:00,long,96.13,80.16,-16.612920004161037,-16.732920004161038,9
CANDIDATE_007,AVAXUSDT,1D,2023-01-31 00:00:00+00:00,2023-02-02 00:00:00+00:00,long,19.748,20.968,6.177840794004452,6.057840794004452,2
CANDIDATE_007,AVAXUSDT,1D,2023-02-06 00:00:00+00:00,2023-02-08 00:00:00+00:00,long,20.087,20.851,3.803454970876685,3.683454970876685,2
CANDIDATE_007,AVAXUSDT,1D,2023-02-24 00:00:00+00:00,2023-03-06 00:00:00+00:00,long,19.718,16.505,-16.294756060452386,-16.414756060452387,10
CANDIDATE_007,AVAXUSDT,1D,2023-04-08 00:00:00+00:00,2023-04-11 00:00:00+00:00,long,17.593,17.935,1.9439549820951418,1.8239549820951417,3
CANDIDATE_007,AVAXUSDT,1D,2023-04-20 00:00:00+00:00,2023-04-26 00:00:00+00:00,long,18.978,17.619,-7.1609231742017165,-7.280923174201717,6
CANDIDATE_007,AVAXUSDT,1D,2023-11-21 00:00:00+00:00,2023-11-25 00:00:00+00:00,long,20.851,20.887,0.17265358975588896,0.05265358975588896,4
CANDIDATE_007,AVAXUSDT,1D,2023-11-28 00:00:00+00:00,2023-11-30 00:00:00+00:00,long,20.362,21.126,3.7520872212945866,3.6320872212945865,2
CANDIDATE_007,AVAXUSDT,1D,2023-12-20 00:00:00+00:00,2023-12-22 00:00:00+00:00,long,39.744,46.023,15.798611111111116,15.678611111111117,2
CANDIDATE_007,AVAXUSDT,1D,2023-12-27 00:00:00+00:00,2024-01-02 00:00:00+00:00,long,44.413,41.979,-5.480377366987144,-5.600377366987144,6
CANDIDATE_007,AVAXUSDT,1D,2024-01-04 00:00:00+00:00,2024-01-09 00:00:00+00:00,long,36.771,36.073,-1.8982350221642075,-2.0182350221642076,5
CANDIDATE_007,AVAXUSDT,1D,2024-01-13 00:00:00+00:00,2024-01-18 00:00:00+00:00,long,35.931,36.064,0.3701539060978032,0.2501539060978032,5
CANDIDATE_007,AVAXUSDT,1D,2024-02-17 00:00:00+00:00,2024-02-26 00:00:00+00:00,long,40.276,37.495,-6.904856490217515,-7.024856490217515,9
CANDIDATE_007,AVAXUSDT,1D,2024-03-06 00:00:00+00:00,2024-03-08 00:00:00+00:00,long,39.436,43.261,9.699259559793095,9.579259559793096,2
CANDIDATE_007,AVAXUSDT,1D,2024-03-11 00:00:00+00:00,2024-03-13 00:00:00+00:00,long,42.084,55.559,32.01929474384562,31.89929474384562,2
CANDIDATE_007,AVAXUSDT,1D,2024-03-17 00:00:00+00:00,2024-03-19 00:00:00+00:00,long,53.479,60.693,13.489407056975633,13.369407056975634,2
CANDIDATE_007,AVAXUSDT,1D,2024-03-22 00:00:00+00:00,2024-03-25 00:00:00+00:00,long,53.86,55.734,3.4793910137393302,3.35939101373933,3
CANDIDATE_007,AVAXUSDT,1D,2024-03-28 00:00:00+00:00,2024-04-01 00:00:00+00:00,long,54.146,54.135,-0.02031544343072955,-0.14031544343072955,4
CANDIDATE_007,AVAXUSDT,1D,2024-05-24 00:00:00+00:00,2024-05-28 00:00:00+00:00,long,38.523,38.286,-0.6152168834202998,-0.7352168834202998,4
CANDIDATE_007,AVAXUSDT,1D,2024-11-15 00:00:00+00:00,2024-11-17 00:00:00+00:00,long,31.206,35.175,12.718707940780604,12.598707940780605,2
CANDIDATE_007,AVAXUSDT,1D,2024-11-20 00:00:00+00:00,2024-11-22 00:00:00+00:00,long,34.227,35.876,4.817833873842292,4.697833873842292,2
CANDIDATE_007,AVAXUSDT,1D,2024-12-08 00:00:00+00:00,2024-12-13 00:00:00+00:00,long,51.633,53.129,2.8973718358414002,2.7773718358414,5
CANDIDATE_007,AVAXUSDT,1D,2024-12-16 00:00:00+00:00,2024-12-24 00:00:00+00:00,long,50.763,39.083,-23.00888442369442,-23.12888442369442,8
CANDIDATE_007,AVAXUSDT,1D,2025-07-24 00:00:00+00:00,2025-07-27 00:00:00+00:00,long,23.941,24.928,4.122634810575998,4.002634810575998,3
CANDIDATE_007,AVAXUSDT,1D,2025-07-30 00:00:00+00:00,2025-08-05 00:00:00+00:00,long,24.36,23.096,-5.188834154351396,-5.308834154351396,6
CANDIDATE_007,AVAXUSDT,1D,2025-08-12 00:00:00+00:00,2025-08-14 00:00:00+00:00,long,22.774,25.483,11.895143584789668,11.775143584789669,2
CANDIDATE_007,AVAXUSDT,1D,2025-08-19 00:00:00+00:00,2025-08-23 00:00:00+00:00,long,23.682,25.265,6.684401655265604,6.564401655265604,4
CANDIDATE_007,AVAXUSDT,1D,2025-08-26 00:00:00+00:00,2025-08-29 00:00:00+00:00,long,23.339,24.927,6.80406187068856,6.68406187068856,3
CANDIDATE_007,AVAXUSDT,1D,2025-09-07 00:00:00+00:00,2025-09-09 00:00:00+00:00,long,24.369,25.282,3.7465632565965024,3.6265632565965022,2
CANDIDATE_007,AVAXUSDT,1D,2025-09-22 00:00:00+00:00,2025-09-24 00:00:00+00:00,long,33.023,33.587,1.707900554159214,1.587900554159214,2
CANDIDATE_007,AVAXUSDT,1D,2025-10-05 00:00:00+00:00,2025-10-07 00:00:00+00:00,long,30.092,30.608,1.7147414595241273,1.5947414595241272,2
CANDIDATE_007,LINKUSDT,1D,2020-08-18 00:00:00+00:00,2020-08-23 00:00:00+00:00,long,16.812,15.817,-5.91839162502975,-6.0383916250297505,5
CANDIDATE_007,LINKUSDT,1D,2020-08-28 00:00:00+00:00,2020-08-30 00:00:00+00:00,long,14.531,16.371,12.66258344229576,12.542583442295761,2
CANDIDATE_007,LINKUSDT,1D,2020-09-01 00:00:00+00:00,2020-09-07 00:00:00+00:00,long,15.585,12.802,-17.856913699069622,-17.976913699069623,6
CANDIDATE_007,LINKUSDT,1D,2020-10-27 00:00:00+00:00,2020-11-02 00:00:00+00:00,long,11.701,11.569,-1.1281087086573716,-1.2481087086573717,6
CANDIDATE_007,LINKUSDT,1D,2020-11-13 00:00:00+00:00,2020-11-17 00:00:00+00:00,long,12.405,12.629,1.8057234985892734,1.6857234985892733,4
CANDIDATE_007,LINKUSDT,1D,2020-11-26 00:00:00+00:00,2020-11-30 00:00:00+00:00,long,14.226,13.396,-5.834387740756364,-5.954387740756364,4
CANDIDATE_007,LINKUSDT,1D,2020-12-05 00:00:00+00:00,2020-12-07 00:00:00+00:00,long,12.685,13.52,6.582577847851789,6.462577847851789,2
CANDIDATE_007,LINKUSDT,1D,2020-12-21 00:00:00+00:00,2020-12-28 00:00:00+00:00,long,13.064,12.172,-6.827924066135937,-6.947924066135937,7
CANDIDATE_007,LINKUSDT,1D,2021-01-09 00:00:00+00:00,2021-01-14 00:00:00+00:00,long,15.253,15.956,4.608929390939487,4.488929390939487,5
CANDIDATE_007,LINKUSDT,1D,2021-01-20 00:00:00+00:00,2021-01-23 00:00:00+00:00,long,20.564,21.58,4.940673020813069,4.820673020813069,3
CANDIDATE_007,LINKUSDT,1D,2021-01-27 00:00:00+00:00,2021-01-30 00:00:00+00:00,long,23.128,22.779,-1.5089934278796235,-1.6289934278796236,3
CANDIDATE_007,LINKUSDT,1D,2021-02-01 00:00:00+00:00,2021-02-03 00:00:00+00:00,long,22.601,23.734,5.013052519800021,4.893052519800021,2
CANDIDATE_007,LINKUSDT,1D,2021-02-08 00:00:00+00:00,2021-02-10 00:00:00+00:00,long,24.774,27.659,11.645273270364086,11.525273270364087,2
CANDIDATE_007,LINKUSDT,1D,2021-02-17 00:00:00+00:00,2021-02-20 00:00:00+00:00,long,32.013,34.771,8.615250054665303,8.495250054665304,3
CANDIDATE_007,LINKUSDT,1D,2021-02-23 00:00:00+00:00,2021-02-28 00:00:00+00:00,long,31.494,26.191,-16.838127897377287,-16.958127897377288,5
CANDIDATE_007,LINKUSDT,1D,2021-03-06 00:00:00+00:00,2021-03-08 00:00:00+00:00,long,27.857,28.603,2.6779624510895106,2.5579624510895105,2
CANDIDATE_007,LINKUSDT,1D,2021-03-11 00:00:00+00:00,2021-03-18 00:00:00+00:00,long,29.92,31.096,3.93048128342246,3.81048128342246,7
CANDIDATE_007,LINKUSDT,1D,2021-03-22 00:00:00+00:00,2021-03-27 00:00:00+00:00,long,29.249,27.419,-6.256624158090873,-6.376624158090873,5
CANDIDATE_007,LINKUSDT,1D,2021-04-04 00:00:00+00:00,2021-04-06 00:00:00+00:00,long,29.329,32.457,10.66521190630434,10.54521190630434,2
CANDIDATE_007,LINKUSDT,1D,2021-04-08 00:00:00+00:00,2021-04-12 00:00:00+00:00,long,31.151,33.961,9.020577188533263,8.900577188533264,4
CANDIDATE_007,LINKUSDT,1D,2021-04-18 00:00:00+00:00,2021-04-27 00:00:00+00:00,long,39.978,35.151,-12.074140777427578,-12.194140777427577,9
CANDIDATE_007,LINKUSDT,1D,2021-05-11 00:00:00+00:00,2021-05-15 00:00:00+00:00,long,46.361,46.618,0.5543452470826882,0.4343452470826882,4
CANDIDATE_007,LINKUSDT,1D,2021-09-08 00:00:00+00:00,2021-09-13 00:00:00+00:00,long,28.254,29.446,4.21887166418915,4.09887166418915,5
CANDIDATE_007,LINKUSDT,1D,2021-10-28 00:00:00+00:00,2021-11-01 00:00:00+00:00,long,28.887,30.024,3.9360265863537247,3.8160265863537246,4
CANDIDATE_007,LINKUSDT,1D,2021-11-05 00:00:00+00:00,2021-11-07 00:00:00+00:00,long,31.003,32.048,3.370641550817677,3.2506415508176767,2
CANDIDATE_007,LINKUSDT,1D,2021-11-13 00:00:00+00:00,2021-11-21 00:00:00+00:00,long,34.272,28.383,-17.183123249299715,-17.303123249299716,8
CANDIDATE_007,LINKUSDT,1D,2022-01-12 00:00:00+00:00,2022-01-22 00:00:00+00:00,long,26.578,15.844,-40.386786063661674,-40.50678606366167,10
CANDIDATE_007,LINKUSDT,1D,2022-11-07 00:00:00+00:00,2022-11-17 00:00:00+00:00,long,8.096,6.223,-23.134881422924902,-23.254881422924903,10
CANDIDATE_007,LINKUSDT,1D,2022-12-04 00:00:00+00:00,2022-12-14 00:00:00+00:00,long,7.233,6.925,-4.25826074934329,-4.37826074934329,10
CANDIDATE_007,LINKUSDT,1D,2023-02-03 00:00:00+00:00,2023-02-05 00:00:00+00:00,long,7.107,7.243,1.9136063036442996,1.7936063036442995,2
CANDIDATE_007,LINKUSDT,1D,2023-02-22 00:00:00+00:00,2023-02-24 00:00:00+00:00,long,7.642,7.939,3.8864171682805537,3.7664171682805536,2
CANDIDATE_007,LINKUSDT,1D,2023-03-03 00:00:00+00:00,2023-03-13 00:00:00+00:00,long,7.272,6.552,-9.90099009900991,-10.020990099009909,10
CANDIDATE_007,LINKUSDT,1D,2023-03-25 00:00:00+00:00,2023-03-30 00:00:00+00:00,long,7.188,7.381,2.6850306065665075,2.5650306065665074,5
CANDIDATE_007,LINKUSDT,1D,2023-04-03 00:00:00+00:00,2023-04-11 00:00:00+00:00,long,7.249,7.34,1.2553455649054968,1.1353455649054967,8
CANDIDATE_007,LINKUSDT,1D,2023-04-13 00:00:00+00:00,2023-04-15 00:00:00+00:00,long,7.228,7.745,7.1527393469839495,7.032739346983949,2
CANDIDATE_007,LINKUSDT,1D,2023-04-20 00:00:00+00:00,2023-04-26 00:00:00+00:00,long,7.749,7.272,-6.155632984901271,-6.2756329849012715,6
CANDIDATE_007,LINKUSDT,1D,2023-07-19 00:00:00+00:00,2023-07-21 00:00:00+00:00,long,6.912,8.354,20.862268518518512,20.74226851851851,2
CANDIDATE_007,LINKUSDT,1D,2023-07-25 00:00:00+00:00,2023-07-27 00:00:00+00:00,long,7.581,7.736,2.044585147078215,1.924585147078215,2
CANDIDATE_007,LINKUSDT,1D,2023-07-31 00:00:00+00:00,2023-08-08 00:00:00+00:00,long,7.551,7.325,-2.9929810621109776,-3.1129810621109777,8
CANDIDATE_007,LINKUSDT,1D,2023-08-12 00:00:00+00:00,2023-08-22 00:00:00+00:00,long,7.488,6.111,-18.389423076923084,-18.509423076923085,10
CANDIDATE_007,LINKUSDT,1D,2023-10-03 00:00:00+00:00,2023-10-07 00:00:00+00:00,long,7.465,7.635,2.2772940388479546,2.1572940388479545,4
CANDIDATE_007,LINKUSDT,1D,2023-10-10 00:00:00+00:00,2023-10-15 00:00:00+00:00,long,7.274,7.325,0.7011273027220266,0.5811273027220266,5
CANDIDATE_007,LINKUSDT,1D,2023-10-18 00:00:00+00:00,2023-10-21 00:00:00+00:00,long,7.317,7.567,3.4167008336750015,3.2967008336750014,3
CANDIDATE_007,LINKUSDT,1D,2023-11-03 00:00:00+00:00,2023-11-05 00:00:00+00:00,long,11.013,11.508,4.4946880958866675,4.374688095886667,2
CANDIDATE_007,LINKUSDT,1D,2023-11-14 00:00:00+00:00,2023-11-20 00:00:00+00:00,long,14.371,14.912,3.7645257810869026,3.6445257810869025,6
CANDIDATE_007,LINKUSDT,1D,2023-11-22 00:00:00+00:00,2023-11-24 00:00:00+00:00,long,13.36,14.402,7.799401197604783,7.679401197604783,2
CANDIDATE_007,LINKUSDT,1D,2023-11-28 00:00:00+00:00,2023-12-02 00:00:00+00:00,long,14.181,14.99,5.704816303504701,5.5848163035047005,4
CANDIDATE_007,LINKUSDT,1D,2023-12-07 00:00:00+00:00,2023-12-09 00:00:00+00:00,long,15.272,16.944,10.948140387637494,10.828140387637495,2
CANDIDATE_007,LINKUSDT,1D,2023-12-12 00:00:00+00:00,2023-12-15 00:00:00+00:00,long,14.769,15.381,4.143814747105434,4.023814747105434,3
CANDIDATE_007,LINKUSDT,1D,2023-12-27 00:00:00+00:00,2023-12-29 00:00:00+00:00,long,15.108,16.023,6.056393963463069,5.936393963463069,2
CANDIDATE_007,LINKUSDT,1D,2024-01-03 00:00:00+00:00,2024-01-09 00:00:00+00:00,long,15.18,14.14,-6.8511198945981455,-6.971119894598146,6
CANDIDATE_007,LINKUSDT,1D,2024-01-22 00:00:00+00:00,2024-01-28 00:00:00+00:00,long,15.397,14.337,-6.884458011300909,-7.004458011300909,6
CANDIDATE_007,LINKUSDT,1D,2024-02-09 00:00:00+00:00,2024-02-11 00:00:00+00:00,long,18.2,19.079,4.829670329670344,4.7096703296703435,2
CANDIDATE_007,LINKUSDT,1D,2024-02-16 00:00:00+00:00,2024-02-18 00:00:00+00:00,long,19.952,20.049,0.4861668003207642,0.3661668003207642,2
CANDIDATE_007,LINKUSDT,1D,2024-02-20 00:00:00+00:00,2024-02-25 00:00:00+00:00,long,19.848,18.549,-6.544740024183793,-6.664740024183793,5
CANDIDATE_007,LINKUSDT,1D,2024-03-06 00:00:00+00:00,2024-03-08 00:00:00+00:00,long,18.978,20.117,6.00168616292549,5.88168616292549,2
CANDIDATE_007,LINKUSDT,1D,2024-03-14 00:00:00+00:00,2024-03-21 00:00:00+00:00,long,20.771,18.424,-11.29940782822204,-11.41940782822204,7
CANDIDATE_007,LINKUSDT,1D,2024-05-23 00:00:00+00:00,2024-05-25 00:00:00+00:00,long,16.362,17.26,5.488326610438832,5.368326610438832,2
CANDIDATE_007,LINKUSDT,1D,2024-05-31 00:00:00+00:00,2024-06-02 00:00:00+00:00,long,17.949,18.455,2.819098557022648,2.699098557022648,2
CANDIDATE_007,LINKUSDT,1D,2024-11-13 00:00:00+00:00,2024-11-16 00:00:00+00:00,long,13.96,13.85,-0.7879656160458492,-0.9079656160458492,3
CANDIDATE_007,LINKUSDT,1D,2024-11-21 00:00:00+00:00,2024-11-23 00:00:00+00:00,long,14.242,16.582,16.4302766465384,16.310276646538398,2
CANDIDATE_007,LINKUSDT,1D,2024-12-10 00:00:00+00:00,2024-12-12 00:00:00+00:00,long,22.243,24.064,8.18684529964484,8.066845299644841,2
CANDIDATE_007,LINKUSDT,1D,2024-12-17 00:00:00+00:00,2024-12-24 00:00:00+00:00,long,28.729,24.54,-14.581085314490583,-14.701085314490582,7
CANDIDATE_007,LINKUSDT,1D,2024-12-27 00:00:00+00:00,2025-01-02 00:00:00+00:00,long,22.665,21.722,-4.160600044120876,-4.2806000441208765,6
CANDIDATE_007,LINKUSDT,1D,2025-01-25 00:00:00+00:00,2025-01-31 00:00:00+00:00,long,25.171,24.449,-2.8683802788923685,-2.9883802788923686,6
CANDIDATE_007,LINKUSDT,1D,2025-07-24 00:00:00+00:00,2025-07-28 00:00:00+00:00,long,18.174,19.229,5.804996148343777,5.684996148343777,4
CANDIDATE_007,LINKUSDT,1D,2025-08-15 00:00:00+00:00,2025-08-18 00:00:00+00:00,long,22.447,25.638,14.215708112442659,14.09570811244266,3
CANDIDATE_007,LINKUSDT,1D,2025-08-20 00:00:00+00:00,2025-08-23 00:00:00+00:00,long,23.553,26.799,13.781683861928418,13.661683861928418,3
CANDIDATE_007,LINKUSDT,1D,2025-08-25 00:00:00+00:00,2025-08-29 00:00:00+00:00,long,25.817,25.17,-2.5061006313669254,-2.6261006313669255,4
CANDIDATE_007,LINKUSDT,1D,2025-09-05 00:00:00+00:00,2025-09-09 00:00:00+00:00,long,22.3,23.034,3.291479820627785,3.171479820627785,4
CANDIDATE_007,LINKUSDT,1D,2025-09-15 00:00:00+00:00,2025-09-19 00:00:00+00:00,long,24.083,24.624,2.2463978740190127,2.1263978740190126,4
CANDIDATE_007,DOTUSDT,1D,2021-03-13 00:00:00+00:00,2021-03-18 00:00:00+00:00,long,35.981,36.153,0.4780300714265717,0.3580300714265717,5
CANDIDATE_007,DOTUSDT,1D,2021-03-22 00:00:00+00:00,2021-03-27 00:00:00+00:00,long,36.727,33.187,-9.638685435782934,-9.758685435782933,5
CANDIDATE_007,DOTUSDT,1D,2021-04-08 00:00:00+00:00,2021-04-11 00:00:00+00:00,long,39.575,41.663,5.276058117498406,5.1560581174984055,3
CANDIDATE_007,DOTUSDT,1D,2021-04-13 00:00:00+00:00,2021-04-15 00:00:00+00:00,long,40.539,42.582,5.03959150447717,4.91959150447717,2
CANDIDATE_007,DOTUSDT,1D,2021-04-17 00:00:00+00:00,2021-04-27 00:00:00+00:00,long,41.45,33.408,-19.40168878166466,-19.52168878166466,10
CANDIDATE_007,DOTUSDT,1D,2021-05-10 00:00:00+00:00,2021-05-14 00:00:00+00:00,long,40.328,40.028,-0.7439000198373402,-0.8639000198373402,4
CANDIDATE_007,DOTUSDT,1D,2021-05-18 00:00:00+00:00,2021-05-26 00:00:00+00:00,long,38.725,22.141,-42.82504841833441,-42.94504841833441,8
CANDIDATE_007,DOTUSDT,1D,2021-09-05 00:00:00+00:00,2021-09-07 00:00:00+00:00,long,32.439,34.371,5.955793951724786,5.835793951724786,2
CANDIDATE_007,DOTUSDT,1D,2021-09-17 00:00:00+00:00,2021-09-23 00:00:00+00:00,long,35.514,31.56,-11.13363743875656,-11.25363743875656,6
CANDIDATE_007,DOTUSDT,1D,2021-09-26 00:00:00+00:00,2021-10-01 00:00:00+00:00,long,29.808,28.601,-4.049248523886206,-4.169248523886206,5
CANDIDATE_007,DOTUSDT,1D,2021-10-05 00:00:00+00:00,2021-10-07 00:00:00+00:00,long,31.169,32.226,3.3911899643876975,3.2711899643876974,2
CANDIDATE_007,DOTUSDT,1D,2021-10-12 00:00:00+00:00,2021-10-14 00:00:00+00:00,long,34.135,41.751,22.311410575655486,22.191410575655485,2
CANDIDATE_007,DOTUSDT,1D,2021-10-19 00:00:00+00:00,2021-10-21 00:00:00+00:00,long,41.184,44.455,7.9424048174048245,7.822404817404824,2
CANDIDATE_007,DOTUSDT,1D,2021-10-25 00:00:00+00:00,2021-10-27 00:00:00+00:00,long,42.33,44.967,6.229624379872423,6.109624379872423,2
CANDIDATE_007,DOTUSDT,1D,2021-10-31 00:00:00+00:00,2021-11-02 00:00:00+00:00,long,42.777,50.028,16.950697804895153,16.830697804895152,2
CANDIDATE_007,DOTUSDT,1D,2021-11-06 00:00:00+00:00,2021-11-09 00:00:00+00:00,long,51.789,53.419,3.147386510648964,3.027386510648964,3
CANDIDATE_007,DOTUSDT,1D,2023-01-29 00:00:00+00:00,2023-02-02 00:00:00+00:00,long,6.389,6.464,1.1738926279543094,1.0538926279543093,4
CANDIDATE_007,DOTUSDT,1D,2023-02-06 00:00:00+00:00,2023-02-08 00:00:00+00:00,long,6.631,6.937,4.614688583923998,4.494688583923998,2
CANDIDATE_007,DOTUSDT,1D,2023-02-22 00:00:00+00:00,2023-03-04 00:00:00+00:00,long,7.251,5.912,-18.46641842504483,-18.58641842504483,10
CANDIDATE_007,DOTUSDT,1D,2023-04-18 00:00:00+00:00,2023-04-26 00:00:00+00:00,long,6.703,5.995,-10.562434730717596,-10.682434730717596,8
CANDIDATE_007,DOTUSDT,1D,2023-11-14 00:00:00+00:00,2023-11-16 00:00:00+00:00,long,5.353,5.567,3.9977582663926814,3.8777582663926813,2
CANDIDATE_007,DOTUSDT,1D,2023-11-21 00:00:00+00:00,2023-11-25 00:00:00+00:00,long,5.303,5.241,-1.1691495379973604,-1.2891495379973605,4
CANDIDATE_007,DOTUSDT,1D,2023-11-28 00:00:00+00:00,2023-12-01 00:00:00+00:00,long,5.155,5.474,6.188166828322017,6.068166828322017,3
CANDIDATE_007,DOTUSDT,1D,2023-12-12 00:00:00+00:00,2023-12-14 00:00:00+00:00,long,6.707,7.607,13.418816162218583,13.298816162218584,2
CANDIDATE_007,DOTUSDT,1D,2023-12-16 00:00:00+00:00,2023-12-21 00:00:00+00:00,long,6.953,6.96,0.10067596720839678,-0.01932403279160322,5
CANDIDATE_007,DOTUSDT,1D,2023-12-28 00:00:00+00:00,2024-01-02 00:00:00+00:00,long,8.704,8.608,-1.1029411764705843,-1.2229411764705844,5
CANDIDATE_007,DOTUSDT,1D,2024-01-04 00:00:00+00:00,2024-01-09 00:00:00+00:00,long,7.624,7.48,-1.8887722980062915,-2.0087722980062916,5
CANDIDATE_007,DOTUSDT,1D,2024-01-13 00:00:00+00:00,2024-01-23 00:00:00+00:00,long,7.566,6.355,-16.00581549035156,-16.12581549035156,10
CANDIDATE_007,DOTUSDT,1D,2024-02-21 00:00:00+00:00,2024-02-25 00:00:00+00:00,long,7.735,7.825,1.1635423400129241,1.043542340012924,4
CANDIDATE_007,DOTUSDT,1D,2024-03-06 00:00:00+00:00,2024-03-08 00:00:00+00:00,long,9.321,10.414,11.726209634159424,11.606209634159425,2
CANDIDATE_007,DOTUSDT,1D,2024-03-11 00:00:00+00:00,2024-03-13 00:00:00+00:00,long,10.269,10.748,4.66452429642612,4.54452429642612,2
CANDIDATE_007,DOTUSDT,1D,2024-03-16 00:00:00+00:00,2024-03-25 00:00:00+00:00,long,10.822,9.378,-13.343189798558486,-13.463189798558485,9
CANDIDATE_007,DOTUSDT,1D,2024-03-29 00:00:00+00:00,2024-04-01 00:00:00+00:00,long,9.534,9.657,1.2901195720578906,1.1701195720578905,3
CANDIDATE_007,DOTUSDT,1D,2024-11-21 00:00:00+00:00,2024-11-23 00:00:00+00:00,long,5.724,6.635,15.915443745632407,15.795443745632408,2
CANDIDATE_007,DOTUSDT,1D,2024-12-09 00:00:00+00:00,2024-12-14 00:00:00+00:00,long,10.402,9.088,-12.632186118054223,-12.752186118054222,5
CANDIDATE_007,DOTUSDT,1D,2024-12-17 00:00:00+00:00,2024-12-24 00:00:00+00:00,long,8.754,7.379,-15.70710532328079,-15.827105323280788,7
CANDIDATE_007,DOTUSDT,1D,2025-09-15 00:00:00+00:00,2025-09-18 00:00:00+00:00,long,4.314,4.402,2.0398701900788074,1.9198701900788073,3
CANDIDATE_007,DOTUSDT,1D,2025-09-21 00:00:00+00:00,2025-09-29 00:00:00+00:00,long,4.353,3.995,-8.224213186308283,-8.344213186308282,8
CANDIDATE_007,DOTUSDT,1D,2025-10-06 00:00:00+00:00,2025-10-14 00:00:00+00:00,long,4.131,3.373,-18.349068022270632,-18.469068022270633,8
