block_id	file	expected_lines	expected_sha256	actual_lines	actual_sha256	result
RP0-LIB	RP0-LIB.sh	370	4a404d7b90d83aef47b3593757f86e3699b3bc2dd772f51df63ead4f10d9ab48	370	4a404d7b90d83aef47b3593757f86e3699b3bc2dd772f51df63ead4f10d9ab48	MATCH
RP0-BOOTSTRAP	RP0-BOOTSTRAP.sh	36	e7d748f6b41c6156de4d5c5e2d93c2b08729b1f85377b132660424024815bb33	36	e7d748f6b41c6156de4d5c5e2d93c2b08729b1f85377b132660424024815bb33	MATCH
RP1-B3	RP1-B3.sh	117	f40411b053779b28ec9d970d7e5610fe5f363acbc48ee487d07ebce2638a69af	117	f40411b053779b28ec9d970d7e5610fe5f363acbc48ee487d07ebce2638a69af	MATCH
RP3-C2A-POST	RP3-C2A-POST.sh	104	e233d29b005964e84cd6cbc2af50deccd83bb281dac39696e47de1c8890b5a27	104	e233d29b005964e84cd6cbc2af50deccd83bb281dac39696e47de1c8890b5a27	MATCH
RP3-C2B-POST	RP3-C2B-POST.sh	74	26a1010cd9380289c5b90c08845b2af6ec31074fc5145241978a714b930bb412	74	26a1010cd9380289c5b90c08845b2af6ec31074fc5145241978a714b930bb412	MATCH
RP4-C3	RP4-C3.py	295	0520cc901e56a66fe61e0df9edc0ed33fa4b05c09d62ba8f7471ef9ff688e4a5	295	0520cc901e56a66fe61e0df9edc0ed33fa4b05c09d62ba8f7471ef9ff688e4a5	MATCH
RP5-C4A	RP5-C4A.sh	374	a5b1b2e4d4e5227b3bb1f0ea31e9e547040231913445970efe1046f4eba9e0f2	374	a5b1b2e4d4e5227b3bb1f0ea31e9e547040231913445970efe1046f4eba9e0f2	MATCH
RP5-C4B	RP5-C4B.sh	249	10c4b3231042101ed9049dbf57ec3123ce902e9b18136769728a1a2e92f4037e	249	10c4b3231042101ed9049dbf57ec3123ce902e9b18136769728a1a2e92f4037e	MATCH
RP5-C4C	RP5-C4C.sh	228	de7301f1deb752bcc63d818348c2fdc33372a6b7d7d4f377b62bdf27d313e3a8	228	de7301f1deb752bcc63d818348c2fdc33372a6b7d7d4f377b62bdf27d313e3a8	MATCH
