tv_seq,tv_side,tv_entry_time,tv_exit_time,tv_entry_price,tv_exit_price,tv_qty,tv_reason,py_seq,py_side,py_entry_time,py_exit_time,py_entry_price,py_exit_price,py_qty,py_reason,side_match,reason_match,entry_time_diff_min,exit_time_diff_min,entry_price_diff,exit_price_diff,qty_diff,entry_price_match,exit_price_match,qty_match,all_price_qty_match,all_core_match
1,SHORT,2025-07-01 15:00:00+00:00,2025-07-02 06:30:00+00:00,105619.1,106868.2,0.120186,SL,1,SHORT,2025-07-01 15:00:00+00:00,2025-07-02 06:30:00+00:00,105619.1,106868.16296960675,0.120186,SL,True,True,0.0,0.0,0.0,-0.037030393243185245,0.0,True,True,True,True,True
2,SHORT,2025-07-01 15:00:00+00:00,2025-07-02 06:30:00+00:00,105619.1,106868.2,0.120186,SL,2,SHORT,2025-07-01 15:00:00+00:00,2025-07-02 06:30:00+00:00,105619.1,106868.16296960675,0.120186,SL,True,True,0.0,0.0,0.0,-0.037030393243185245,0.0,True,True,True,True,True
3,SHORT,2025-07-04 07:30:00+00:00,2025-07-06 13:45:00+00:00,108814.3,108746.8,0.220515,BE,3,SHORT,2025-07-04 07:30:00+00:00,2025-07-06 13:45:00+00:00,108814.3,108746.72743639548,0.220515,BE,True,True,0.0,0.0,0.0,-0.07256360452447552,0.0,True,True,True,True,True
4,SHORT,2025-07-04 07:30:00+00:00,2025-07-06 13:45:00+00:00,108814.3,108746.8,0.220515,BE,4,SHORT,2025-07-04 07:30:00+00:00,2025-07-06 13:45:00+00:00,108814.3,108746.72743639548,0.220515,BE,True,True,0.0,0.0,0.0,-0.07256360452447552,0.0,True,True,True,True,True
5,SHORT,2025-07-07 12:15:00+00:00,2025-07-08 00:15:00+00:00,108386.0,108327.2,0.230656,BE,5,SHORT,2025-07-07 12:15:00+00:00,2025-07-08 00:15:00+00:00,108386.0,108327.1345774124,0.230656,BE,True,True,0.0,0.0,0.0,-0.06542258759145625,0.0,True,True,True,True,True
6,SHORT,2025-07-07 12:15:00+00:00,2025-07-08 00:15:00+00:00,108386.0,108327.2,0.230656,BE,6,SHORT,2025-07-07 12:15:00+00:00,2025-07-08 00:15:00+00:00,108386.0,108327.1345774124,0.230656,BE,True,True,0.0,0.0,0.0,-0.06542258759145625,0.0,True,True,True,True,True
7,LONG,2025-07-08 10:45:00+00:00,2025-07-08 14:45:00+00:00,108780.4,108198.4,0.229821,SL,7,LONG,2025-07-08 10:45:00+00:00,2025-07-08 14:45:00+00:00,108780.4,108198.46813653744,0.229821,SL,True,True,0.0,0.0,0.0,0.06813653744757175,0.0,True,True,True,True,True
8,LONG,2025-07-08 10:45:00+00:00,2025-07-08 14:45:00+00:00,108780.4,108198.4,0.229822,SL,8,LONG,2025-07-08 10:45:00+00:00,2025-07-08 14:45:00+00:00,108780.4,108198.46813653744,0.229821,SL,True,True,0.0,0.0,0.0,0.06813653744757175,-1.000000000001e-06,True,True,False,False,True
9,SHORT,2025-07-09 03:00:00+00:00,2025-07-09 11:15:00+00:00,108410.9,109009.3,0.230603,SL,9,SHORT,2025-07-09 03:00:00+00:00,2025-07-09 11:15:00+00:00,108410.9,109009.29918801664,0.230603,SL,True,True,0.0,0.0,0.0,-0.0008119833655655384,0.0,True,True,True,True,True
10,SHORT,2025-07-09 03:00:00+00:00,2025-07-09 11:15:00+00:00,108410.9,109009.3,0.230603,SL,10,SHORT,2025-07-09 03:00:00+00:00,2025-07-09 11:15:00+00:00,108410.9,109009.29918801664,0.230603,SL,True,True,0.0,0.0,0.0,-0.0008119833655655384,0.0,True,True,True,True,True
11,LONG,2025-07-09 11:30:00+00:00,2025-07-09 14:15:00+00:00,109008.4,109053.8,0.229341,BE,11,LONG,2025-07-09 11:30:00+00:00,2025-07-09 14:15:00+00:00,109008.4,109053.89581130695,0.229341,BE,True,True,0.0,0.0,0.0,0.09581130695005413,0.0,True,True,True,True,True
12,LONG,2025-07-09 11:30:00+00:00,2025-07-09 14:15:00+00:00,109008.4,109053.8,0.229341,BE,12,LONG,2025-07-09 11:30:00+00:00,2025-07-09 14:15:00+00:00,109008.4,109053.89581130695,0.229341,BE,True,True,0.0,0.0,0.0,0.09581130695005413,0.0,True,True,True,True,True
13,LONG,2025-07-09 19:30:00+00:00,2025-07-10 21:15:00+00:00,111355.2,115278.3,0.152922,TP1,13,LONG,2025-07-09 19:30:00+00:00,2025-07-10 21:15:00+00:00,111355.2,115277.7524407515,0.152922,TP1,True,True,0.0,0.0,0.0,-0.5475592485017842,0.0,True,False,True,False,True
14,LONG,2025-07-09 19:30:00+00:00,2025-07-10 21:15:00+00:00,111355.2,115689.6,0.152923,TRAIL,14,LONG,2025-07-09 19:30:00+00:00,2025-07-10 21:15:00+00:00,111355.2,115689.6,0.152922,TRAIL,True,True,0.0,0.0,0.0,0.0,-1.000000000001e-06,True,True,False,False,True
15,SHORT,2025-07-12 12:30:00+00:00,2025-07-13 12:45:00+00:00,117449.5,118179.3,0.205824,SL,15,SHORT,2025-07-12 12:30:00+00:00,2025-07-13 12:45:00+00:00,117449.5,118179.27730078327,0.2058239999999999,SL,True,True,0.0,0.0,0.0,-0.022699216729961336,-1.1102230246251565e-16,True,True,True,True,True
16,SHORT,2025-07-12 12:30:00+00:00,2025-07-13 12:45:00+00:00,117449.5,118179.3,0.205824,SL,16,SHORT,2025-07-12 12:30:00+00:00,2025-07-13 12:45:00+00:00,117449.5,118179.27730078327,0.2058239999999999,SL,True,True,0.0,0.0,0.0,-0.022699216729961336,-1.1102230246251565e-16,True,True,True,True,True
17,SHORT,2025-07-14 14:45:00+00:00,2025-07-15 14:45:00+00:00,121159.5,115950.5,0.086382,TP1,17,SHORT,2025-07-14 14:45:00+00:00,2025-07-15 14:45:00+00:00,121159.5,115951.0885871158,0.086382,TP1,True,True,0.0,0.0,0.0,0.5885871157952351,0.0,True,False,True,False,True
18,SHORT,2025-07-14 14:45:00+00:00,2025-07-16 09:15:00+00:00,121159.5,119152.6,0.086382,TRAIL,18,SHORT,2025-07-14 14:45:00+00:00,2025-07-16 09:15:00+00:00,121159.5,119152.5409419228,0.086382,TRAIL,True,True,0.0,0.0,0.0,-0.05905807721137535,0.0,True,True,True,True,True
19,SHORT,2025-07-17 02:00:00+00:00,2025-07-17 21:00:00+00:00,118350.8,119897.1,0.097069,SL,19,SHORT,2025-07-17 02:00:00+00:00,2025-07-17 21:00:00+00:00,118350.8,119897.07823040988,0.097069,SL,True,True,0.0,0.0,0.0,-0.021769590122858062,0.0,True,True,True,True,True
20,SHORT,2025-07-17 02:00:00+00:00,2025-07-17 21:00:00+00:00,118350.8,119897.1,0.09707,SL,20,SHORT,2025-07-17 02:00:00+00:00,2025-07-17 21:00:00+00:00,118350.8,119897.07823040988,0.097069,SL,True,True,0.0,0.0,0.0,-0.021769590122858062,-1.000000000001e-06,True,True,False,False,True
21,SHORT,2025-07-18 08:45:00+00:00,2025-07-20 14:00:00+00:00,118636.8,118486.0,0.099108,BE,21,SHORT,2025-07-18 08:45:00+00:00,2025-07-20 14:00:00+00:00,118636.8,118485.90014325186,0.099108,BE,True,True,0.0,0.0,0.0,-0.09985674814379308,0.0,True,True,True,True,True
22,SHORT,2025-07-18 08:45:00+00:00,2025-07-20 14:00:00+00:00,118636.8,118486.0,0.099108,BE,22,SHORT,2025-07-18 08:45:00+00:00,2025-07-20 14:00:00+00:00,118636.8,118485.90014325186,0.099108,BE,True,True,0.0,0.0,0.0,-0.09985674814379308,0.0,True,True,True,True,True
23,LONG,2025-07-20 14:15:00+00:00,2025-07-20 21:00:00+00:00,118627.9,117814.0,0.210743,SL,23,LONG,2025-07-20 14:15:00+00:00,2025-07-20 21:00:00+00:00,118627.9,117814.05860238204,0.2107429999999999,SL,True,True,0.0,0.0,0.0,0.0586023820360424,-1.1102230246251565e-16,True,True,True,True,True
24,LONG,2025-07-20 14:15:00+00:00,2025-07-20 21:00:00+00:00,118627.9,117814.0,0.210744,SL,24,LONG,2025-07-20 14:15:00+00:00,2025-07-20 21:00:00+00:00,118627.9,117814.05860238204,0.2107429999999999,SL,True,True,0.0,0.0,0.0,0.0586023820360424,-1.0000000000842668e-06,True,True,False,False,True
25,SHORT,2025-07-20 22:15:00+00:00,2025-07-21 03:30:00+00:00,117229.5,118562.4,0.112628,SL,25,SHORT,2025-07-20 22:15:00+00:00,2025-07-21 03:30:00+00:00,117229.5,118562.316627249,0.1126279999999999,SL,True,True,0.0,0.0,0.0,-0.0833727509889286,-1.1102230246251565e-16,True,True,True,True,True
26,SHORT,2025-07-20 22:15:00+00:00,2025-07-21 03:30:00+00:00,117229.5,118562.4,0.112628,SL,26,SHORT,2025-07-20 22:15:00+00:00,2025-07-21 03:30:00+00:00,117229.5,118562.316627249,0.1126279999999999,SL,True,True,0.0,0.0,0.0,-0.0833727509889286,-1.1102230246251565e-16,True,True,True,True,True
27,LONG,2025-07-21 06:15:00+00:00,2025-07-21 16:15:00+00:00,118831.7,117660.7,0.17094,SL,27,LONG,2025-07-21 06:15:00+00:00,2025-07-21 16:15:00+00:00,118831.7,117660.70518281248,0.1709399999999999,SL,True,True,0.0,0.0,0.0,0.005182812485145405,-1.1102230246251565e-16,True,True,True,True,True
28,LONG,2025-07-21 06:15:00+00:00,2025-07-21 16:15:00+00:00,118831.7,117660.7,0.170941,SL,28,LONG,2025-07-21 06:15:00+00:00,2025-07-21 16:15:00+00:00,118831.7,117660.70518281248,0.1709399999999999,SL,True,True,0.0,0.0,0.0,0.005182812485145405,-1.0000000001120224e-06,True,True,False,False,True
29,LONG,2025-07-22 07:15:00+00:00,2025-07-23 03:45:00+00:00,118530.5,118682.8,0.130918,BE,29,LONG,2025-07-22 07:15:00+00:00,2025-07-23 03:45:00+00:00,118530.5,118682.81641874438,0.130918,BE,True,True,0.0,0.0,0.0,0.0164187443733681,0.0,True,True,True,True,True
30,LONG,2025-07-22 07:15:00+00:00,2025-07-23 03:45:00+00:00,118530.5,118682.8,0.130919,BE,30,LONG,2025-07-22 07:15:00+00:00,2025-07-23 03:45:00+00:00,118530.5,118682.81641874438,0.130918,BE,True,True,0.0,0.0,0.0,0.0164187443733681,-1.000000000001e-06,True,True,False,False,True
31,SHORT,2025-07-23 06:30:00+00:00,2025-07-23 15:45:00+00:00,118407.4,118313.7,0.159162,BE,31,SHORT,2025-07-23 06:30:00+00:00,2025-07-23 15:45:00+00:00,118407.4,118313.60692768426,0.159162,BE,True,True,0.0,0.0,0.0,-0.09307231573620811,0.0,True,True,True,True,True
32,SHORT,2025-07-23 06:30:00+00:00,2025-07-23 15:45:00+00:00,118407.4,118313.7,0.159163,BE,32,SHORT,2025-07-23 06:30:00+00:00,2025-07-23 15:45:00+00:00,118407.4,118313.60692768426,0.159162,BE,True,True,0.0,0.0,0.0,-0.09307231573620811,-1.000000000001e-06,True,True,False,False,True
33,LONG,2025-07-24 00:30:00+00:00,2025-07-24 05:00:00+00:00,119014.7,117774.9,0.161454,SL,33,LONG,2025-07-24 00:30:00+00:00,2025-07-24 05:00:00+00:00,119014.7,117774.95935609218,0.161454,SL,True,True,0.0,0.0,0.0,0.05935609218431637,0.0,True,True,True,True,True
34,LONG,2025-07-24 00:30:00+00:00,2025-07-24 05:00:00+00:00,119014.7,117774.9,0.161454,SL,34,LONG,2025-07-24 00:30:00+00:00,2025-07-24 05:00:00+00:00,119014.7,117774.95935609218,0.161454,SL,True,True,0.0,0.0,0.0,0.05935609218431637,0.0,True,True,True,True,True
35,LONG,2025-07-24 15:00:00+00:00,2025-07-25 00:30:00+00:00,119240.3,117805.4,0.139487,SL,35,LONG,2025-07-24 15:00:00+00:00,2025-07-25 00:30:00+00:00,119240.3,117805.48112623351,0.139487,SL,True,True,0.0,0.0,0.0,0.08112623351917136,0.0,True,True,True,True,True
36,LONG,2025-07-24 15:00:00+00:00,2025-07-25 00:30:00+00:00,119240.3,117805.4,0.139488,SL,36,LONG,2025-07-24 15:00:00+00:00,2025-07-25 00:30:00+00:00,119240.3,117805.48112623351,0.139487,SL,True,True,0.0,0.0,0.0,0.08112623351917136,-1.000000000001e-06,True,True,False,False,True
37,SHORT,2025-07-25 01:15:00+00:00,2025-07-25 11:15:00+00:00,117405.0,116658.7,0.150761,TRAIL,37,SHORT,2025-07-25 01:15:00+00:00,2025-07-25 11:15:00+00:00,117405.0,116658.69392352928,0.150761,TRAIL,True,True,0.0,0.0,0.0,-0.0060764707159250975,0.0,True,True,True,True,True
38,SHORT,2025-07-25 01:15:00+00:00,2025-07-25 11:15:00+00:00,117405.0,116658.7,0.150762,TRAIL,38,SHORT,2025-07-25 01:15:00+00:00,2025-07-25 11:15:00+00:00,117405.0,116658.69392352928,0.150761,TRAIL,True,True,0.0,0.0,0.0,-0.0060764707159250975,-1.000000000001e-06,True,True,False,False,True
39,LONG,2025-07-25 20:30:00+00:00,2025-07-29 15:30:00+00:00,117219.0,117355.7,0.145816,BE,39,LONG,2025-07-25 20:30:00+00:00,2025-07-29 15:30:00+00:00,117219.0,117355.708828481,0.145816,BE,True,True,0.0,0.0,0.0,0.00882848100445699,0.0,True,True,True,True,True
40,LONG,2025-07-25 20:30:00+00:00,2025-07-29 15:30:00+00:00,117219.0,117355.7,0.145816,BE,40,LONG,2025-07-25 20:30:00+00:00,2025-07-29 15:30:00+00:00,117219.0,117355.708828481,0.145816,BE,True,True,0.0,0.0,0.0,0.00882848100445699,0.0,True,True,True,True,True
41,SHORT,2025-07-30 19:00:00+00:00,2025-07-31 00:00:00+00:00,116224.4,117876.2,0.090867,SL,41,SHORT,2025-07-30 19:00:00+00:00,2025-07-31 00:00:00+00:00,116224.4,117876.15596310156,0.0908669999999999,SL,True,True,0.0,0.0,0.0,-0.04403689844184555,-9.71445146547012e-17,True,True,True,True,True
42,SHORT,2025-07-30 19:00:00+00:00,2025-07-31 00:00:00+00:00,116224.4,117876.2,0.090867,SL,42,SHORT,2025-07-30 19:00:00+00:00,2025-07-31 00:00:00+00:00,116224.4,117876.15596310156,0.0908669999999999,SL,True,True,0.0,0.0,0.0,-0.04403689844184555,-9.71445146547012e-17,True,True,True,True,True
43,LONG,2025-07-31 00:45:00+00:00,2025-07-31 19:00:00+00:00,118369.0,117348.8,0.196237,SL,43,LONG,2025-07-31 00:45:00+00:00,2025-07-31 19:00:00+00:00,118369.0,117348.82882164234,0.196237,SL,True,True,0.0,0.0,0.0,0.028821642335969955,0.0,True,True,True,True,True
44,LONG,2025-07-31 00:45:00+00:00,2025-07-31 19:00:00+00:00,118369.0,117348.8,0.196238,SL,44,LONG,2025-07-31 00:45:00+00:00,2025-07-31 19:00:00+00:00,118369.0,117348.82882164234,0.196237,SL,True,True,0.0,0.0,0.0,0.028821642335969955,-1.000000000001e-06,True,True,False,False,True
45,LONG,2025-08-03 03:15:00+00:00,2025-08-05 12:30:00+00:00,113470.3,113576.7,0.187131,BE,45,LONG,2025-08-03 03:15:00+00:00,2025-08-05 12:30:00+00:00,113470.3,113576.72679524556,0.187131,BE,True,True,0.0,0.0,0.0,0.026795245561515912,0.0,True,True,True,True,True
46,LONG,2025-08-03 03:15:00+00:00,2025-08-05 12:30:00+00:00,113470.3,113576.7,0.187131,BE,46,LONG,2025-08-03 03:15:00+00:00,2025-08-05 12:30:00+00:00,113470.3,113576.72679524556,0.187131,BE,True,True,0.0,0.0,0.0,0.026795245561515912,0.0,True,True,True,True,True
47,SHORT,2025-08-05 14:15:00+00:00,2025-08-06 14:45:00+00:00,113211.2,114638.9,0.105143,SL,47,SHORT,2025-08-05 14:15:00+00:00,2025-08-06 14:45:00+00:00,113211.2,114638.82777809966,0.105143,SL,True,True,0.0,0.0,0.0,-0.07222190033644438,0.0,True,True,True,True,True
48,SHORT,2025-08-05 14:15:00+00:00,2025-08-06 14:45:00+00:00,113211.2,114638.9,0.105143,SL,48,SHORT,2025-08-05 14:15:00+00:00,2025-08-06 14:45:00+00:00,113211.2,114638.82777809966,0.105143,SL,True,True,0.0,0.0,0.0,-0.07222190033644438,0.0,True,True,True,True,True
49,SHORT,2025-08-07 05:00:00+00:00,2025-08-07 08:00:00+00:00,114308.5,114913.3,0.218705,SL,49,SHORT,2025-08-07 05:00:00+00:00,2025-08-07 08:00:00+00:00,114308.5,114913.25451944117,0.2187049999999999,SL,True,True,0.0,0.0,0.0,-0.04548055883788038,-1.1102230246251565e-16,True,True,True,True,True
50,SHORT,2025-08-07 05:00:00+00:00,2025-08-07 08:00:00+00:00,114308.5,114913.3,0.218705,SL,50,SHORT,2025-08-07 05:00:00+00:00,2025-08-07 08:00:00+00:00,114308.5,114913.25451944117,0.2187049999999999,SL,True,True,0.0,0.0,0.0,-0.04548055883788038,-1.1102230246251565e-16,True,True,True,True,True
51,LONG,2025-08-07 10:00:00+00:00,2025-08-08 15:00:00+00:00,115452.9,116151.5,0.216539,TRAIL,51,LONG,2025-08-07 10:00:00+00:00,2025-08-08 15:00:00+00:00,115452.9,116151.5615230298,0.2165389999999999,TRAIL,True,True,0.0,0.0,0.0,0.06152302979899105,-1.1102230246251565e-16,True,True,True,True,True
52,LONG,2025-08-07 10:00:00+00:00,2025-08-08 15:00:00+00:00,115452.9,116151.5,0.216539,TRAIL,52,LONG,2025-08-07 10:00:00+00:00,2025-08-08 15:00:00+00:00,115452.9,116151.5615230298,0.2165389999999999,TRAIL,True,True,0.0,0.0,0.0,0.06152302979899105,-1.1102230246251565e-16,True,True,True,True,True
53,SHORT,2025-08-08 15:15:00+00:00,2025-08-09 09:00:00+00:00,116230.3,117218.6,0.151937,SL,53,SHORT,2025-08-08 15:15:00+00:00,2025-08-09 09:00:00+00:00,116230.3,117218.54546931243,0.151937,SL,True,True,0.0,0.0,0.0,-0.05453068757196888,0.0,True,True,True,True,True
54,SHORT,2025-08-08 15:15:00+00:00,2025-08-09 09:00:00+00:00,116230.3,117218.6,0.151938,SL,54,SHORT,2025-08-08 15:15:00+00:00,2025-08-09 09:00:00+00:00,116230.3,117218.54546931243,0.151937,SL,True,True,0.0,0.0,0.0,-0.05453068757196888,-1.000000000001e-06,True,True,False,False,True
55,LONG,2025-08-10 03:00:00+00:00,2025-08-10 05:15:00+00:00,117875.7,117951.6,0.212088,BE,55,LONG,2025-08-10 03:00:00+00:00,2025-08-10 05:15:00+00:00,117875.7,117951.67652450704,0.212088,BE,True,True,0.0,0.0,0.0,0.07652450703608338,0.0,True,True,True,True,True
56,LONG,2025-08-10 03:00:00+00:00,2025-08-10 05:15:00+00:00,117875.7,117951.6,0.212089,BE,56,LONG,2025-08-10 03:00:00+00:00,2025-08-10 05:15:00+00:00,117875.7,117951.67652450704,0.212088,BE,True,True,0.0,0.0,0.0,0.07652450703608338,-1.000000000001e-06,True,True,False,False,True
57,SHORT,2025-08-11 19:30:00+00:00,2025-08-13 11:00:00+00:00,119139.5,120492.5,0.110952,SL,57,SHORT,2025-08-11 19:30:00+00:00,2025-08-13 11:00:00+00:00,119139.5,120492.42874667156,0.110952,SL,True,True,0.0,0.0,0.0,-0.07125332843861543,0.0,True,True,True,True,True
58,SHORT,2025-08-11 19:30:00+00:00,2025-08-13 11:00:00+00:00,119139.5,120492.5,0.110953,SL,58,SHORT,2025-08-11 19:30:00+00:00,2025-08-13 11:00:00+00:00,119139.5,120492.42874667156,0.110952,SL,True,True,0.0,0.0,0.0,-0.07125332843861543,-1.000000000001e-06,True,True,False,False,True
59,SHORT,2025-08-14 06:15:00+00:00,2025-08-14 12:30:00+00:00,121611.9,119479.0,0.211059,TRAIL,59,SHORT,2025-08-14 06:15:00+00:00,2025-08-14 12:30:00+00:00,121611.9,119479.0,0.211058,TRAIL,True,True,0.0,0.0,0.0,0.0,-1.000000000001e-06,True,True,False,False,True
60,LONG,2025-08-17 04:30:00+00:00,2025-08-17 16:45:00+00:00,117736.2,117777.0,0.21234,BE,60,LONG,2025-08-17 04:30:00+00:00,2025-08-17 16:45:00+00:00,117736.2,117777.05422497782,0.21234,BE,True,True,0.0,0.0,0.0,0.054224977822741494,0.0,True,True,True,True,True
61,LONG,2025-08-17 04:30:00+00:00,2025-08-17 16:45:00+00:00,117736.2,117777.0,0.21234,BE,61,LONG,2025-08-17 04:30:00+00:00,2025-08-17 16:45:00+00:00,117736.2,117777.05422497782,0.21234,BE,True,True,0.0,0.0,0.0,0.054224977822741494,0.0,True,True,True,True,True
62,SHORT,2025-08-17 17:00:00+00:00,2025-08-18 02:15:00+00:00,117695.8,115760.1,0.212411,TP1,62,SHORT,2025-08-17 17:00:00+00:00,2025-08-18 02:15:00+00:00,117695.8,115760.67252066752,0.212411,TP1,True,True,0.0,0.0,0.0,0.5725206675124355,0.0,True,False,True,False,True
63,SHORT,2025-08-17 17:00:00+00:00,2025-08-18 15:45:00+00:00,117695.8,115897.3,0.212411,TRAIL,63,SHORT,2025-08-17 17:00:00+00:00,2025-08-18 15:45:00+00:00,117695.8,115897.25165288831,0.212411,TRAIL,True,True,0.0,0.0,0.0,-0.04834711168950889,0.0,True,True,True,True,True
64,LONG,2025-08-18 16:00:00+00:00,2025-08-19 04:00:00+00:00,116023.8,114692.1,0.150307,SL,64,LONG,2025-08-18 16:00:00+00:00,2025-08-19 04:00:00+00:00,116023.8,114692.1959413552,0.150307,SL,True,True,0.0,0.0,0.0,0.09594135519000702,0.0,True,True,True,True,True
65,LONG,2025-08-18 16:00:00+00:00,2025-08-19 04:00:00+00:00,116023.8,114692.1,0.150308,SL,65,LONG,2025-08-18 16:00:00+00:00,2025-08-19 04:00:00+00:00,116023.8,114692.1959413552,0.150307,SL,True,True,0.0,0.0,0.0,0.09594135519000702,-1.000000000001e-06,True,True,False,False,True
66,LONG,2025-08-20 16:15:00+00:00,2025-08-21 16:45:00+00:00,114217.0,112428.2,0.111871,SL,66,LONG,2025-08-20 16:15:00+00:00,2025-08-21 16:45:00+00:00,114217.0,112428.23186960524,0.111871,SL,True,True,0.0,0.0,0.0,0.03186960524180904,0.0,True,True,True,True,True
67,LONG,2025-08-20 16:15:00+00:00,2025-08-21 16:45:00+00:00,114217.0,112428.2,0.111871,SL,67,LONG,2025-08-20 16:15:00+00:00,2025-08-21 16:45:00+00:00,114217.0,112428.23186960524,0.111871,SL,True,True,0.0,0.0,0.0,0.03186960524180904,0.0,True,True,True,True,True
68,LONG,2025-08-22 14:15:00+00:00,2025-08-23 11:45:00+00:00,115136.5,115350.6,0.093216,BE,68,LONG,2025-08-22 14:15:00+00:00,2025-08-23 11:45:00+00:00,115136.5,115350.60389003051,0.093216,BE,True,True,0.0,0.0,0.0,0.0038900305080460384,0.0,True,True,True,True,True
69,LONG,2025-08-22 14:15:00+00:00,2025-08-23 11:45:00+00:00,115136.5,115350.6,0.093217,BE,69,LONG,2025-08-22 14:15:00+00:00,2025-08-23 11:45:00+00:00,115136.5,115350.60389003051,0.093216,BE,True,True,0.0,0.0,0.0,0.0038900305080460384,-1.000000000001e-06,True,True,False,False,True
70,LONG,2025-08-24 02:15:00+00:00,2025-08-24 06:00:00+00:00,115489.4,114895.0,0.216471,SL,70,LONG,2025-08-24 02:15:00+00:00,2025-08-24 06:00:00+00:00,115489.4,114895.09825809915,0.216471,SL,True,True,0.0,0.0,0.0,0.09825809915491845,0.0,True,True,True,True,True
71,LONG,2025-08-24 02:15:00+00:00,2025-08-24 06:00:00+00:00,115489.4,114895.0,0.216471,SL,71,LONG,2025-08-24 02:15:00+00:00,2025-08-24 06:00:00+00:00,115489.4,114895.09825809915,0.216471,SL,True,True,0.0,0.0,0.0,0.09825809915491845,0.0,True,True,True,True,True
72,SHORT,2025-08-24 06:45:00+00:00,2025-08-24 18:15:00+00:00,114834.8,114775.4,0.217703,BE,72,SHORT,2025-08-24 06:45:00+00:00,2025-08-24 18:15:00+00:00,114834.8,114775.3448727795,0.2177029999999999,BE,True,True,0.0,0.0,0.0,-0.055127220490248874,-1.1102230246251565e-16,True,True,True,True,True
73,SHORT,2025-08-24 06:45:00+00:00,2025-08-24 18:15:00+00:00,114834.8,114775.4,0.217703,BE,73,SHORT,2025-08-24 06:45:00+00:00,2025-08-24 18:15:00+00:00,114834.8,114775.3448727795,0.2177029999999999,BE,True,True,0.0,0.0,0.0,-0.055127220490248874,-1.1102230246251565e-16,True,True,True,True,True
74,LONG,2025-08-25 16:30:00+00:00,2025-08-25 19:45:00+00:00,112651.9,110994.5,0.120749,SL,74,LONG,2025-08-25 16:30:00+00:00,2025-08-25 19:45:00+00:00,112651.9,110994.57864634616,0.120749,SL,True,True,0.0,0.0,0.0,0.07864634615543764,0.0,True,True,True,True,True
75,LONG,2025-08-25 16:30:00+00:00,2025-08-25 19:45:00+00:00,112651.9,110994.5,0.12075,SL,75,LONG,2025-08-25 16:30:00+00:00,2025-08-25 19:45:00+00:00,112651.9,110994.57864634616,0.120749,SL,True,True,0.0,0.0,0.0,0.07864634615543764,-1.000000000001e-06,True,True,False,False,True
76,SHORT,2025-08-25 20:00:00+00:00,2025-08-26 23:00:00+00:00,110000.3,111939.8,0.077382,SL,76,SHORT,2025-08-25 20:00:00+00:00,2025-08-26 23:00:00+00:00,110000.3,111939.72741490915,0.0773819999999999,SL,True,True,0.0,0.0,0.0,-0.07258509084931575,-1.1102230246251565e-16,True,True,True,True,True
77,SHORT,2025-08-25 20:00:00+00:00,2025-08-26 23:00:00+00:00,110000.3,111939.8,0.077382,SL,77,SHORT,2025-08-25 20:00:00+00:00,2025-08-26 23:00:00+00:00,110000.3,111939.72741490915,0.0773819999999999,SL,True,True,0.0,0.0,0.0,-0.07258509084931575,-1.1102230246251565e-16,True,True,True,True,True
78,SHORT,2025-08-27 08:45:00+00:00,2025-08-27 13:30:00+00:00,110704.7,111615.6,0.164866,SL,78,SHORT,2025-08-27 08:45:00+00:00,2025-08-27 13:30:00+00:00,110704.7,111615.52895662557,0.1648659999999999,SL,True,True,0.0,0.0,0.0,-0.07104337443888653,-1.1102230246251565e-16,True,True,True,True,True
79,SHORT,2025-08-27 08:45:00+00:00,2025-08-27 13:30:00+00:00,110704.7,111615.6,0.164866,SL,79,SHORT,2025-08-27 08:45:00+00:00,2025-08-27 13:30:00+00:00,110704.7,111615.52895662557,0.1648659999999999,SL,True,True,0.0,0.0,0.0,-0.07104337443888653,-1.1102230246251565e-16,True,True,True,True,True
80,LONG,2025-08-27 14:15:00+00:00,2025-08-28 00:30:00+00:00,112141.7,110833.0,0.152951,SL,80,LONG,2025-08-27 14:15:00+00:00,2025-08-28 00:30:00+00:00,112141.7,110833.09557085976,0.152951,SL,True,True,0.0,0.0,0.0,0.09557085976121016,0.0,True,True,True,True,True
81,LONG,2025-08-27 14:15:00+00:00,2025-08-28 00:30:00+00:00,112141.7,110833.0,0.152951,SL,81,LONG,2025-08-27 14:15:00+00:00,2025-08-28 00:30:00+00:00,112141.7,110833.09557085976,0.152951,SL,True,True,0.0,0.0,0.0,0.09557085976121016,0.0,True,True,True,True,True
82,LONG,2025-08-28 04:45:00+00:00,2025-08-29 01:15:00+00:00,112931.7,111781.2,0.173993,SL,82,LONG,2025-08-28 04:45:00+00:00,2025-08-29 01:15:00+00:00,112931.7,111781.23251553896,0.1739929999999999,SL,True,True,0.0,0.0,0.0,0.032515538958250545,-1.1102230246251565e-16,True,True,True,True,True
83,LONG,2025-08-28 04:45:00+00:00,2025-08-29 01:15:00+00:00,112931.7,111781.2,0.173994,SL,83,LONG,2025-08-28 04:45:00+00:00,2025-08-29 01:15:00+00:00,112931.7,111781.23251553896,0.1739929999999999,SL,True,True,0.0,0.0,0.0,0.032515538958250545,-1.0000000001120224e-06,True,True,False,False,True
84,SHORT,2025-08-29 14:00:00+00:00,2025-09-02 03:15:00+00:00,108707.0,110473.6,0.084961,SL,84,SHORT,2025-08-29 14:00:00+00:00,2025-09-02 03:15:00+00:00,108707.0,110473.50813092524,0.084961,SL,True,True,0.0,0.0,0.0,-0.091869074763963,0.0,True,True,True,True,True
85,SHORT,2025-08-29 14:00:00+00:00,2025-09-02 03:15:00+00:00,108707.0,110473.6,0.084961,SL,85,SHORT,2025-08-29 14:00:00+00:00,2025-09-02 03:15:00+00:00,108707.0,110473.50813092524,0.084961,SL,True,True,0.0,0.0,0.0,-0.091869074763963,0.0,True,True,True,True,True
86,SHORT,2025-09-02 12:45:00+00:00,2025-09-02 13:30:00+00:00,108749.1,110024.5,0.117706,SL,86,SHORT,2025-09-02 12:45:00+00:00,2025-09-02 13:30:00+00:00,108749.1,110024.45512222972,0.1177059999999999,SL,True,True,0.0,0.0,0.0,-0.04487777028407436,-1.1102230246251565e-16,True,True,True,True,True
87,SHORT,2025-09-02 12:45:00+00:00,2025-09-02 13:30:00+00:00,108749.1,110024.5,0.117707,SL,87,SHORT,2025-09-02 12:45:00+00:00,2025-09-02 13:30:00+00:00,108749.1,110024.45512222972,0.1177059999999999,SL,True,True,0.0,0.0,0.0,-0.04487777028407436,-1.0000000001120224e-06,True,True,False,False,True
88,LONG,2025-09-02 13:45:00+00:00,2025-09-04 15:15:00+00:00,111113.9,109284.4,0.109382,SL,88,LONG,2025-09-02 13:45:00+00:00,2025-09-04 15:15:00+00:00,111113.9,109284.45516852343,0.109382,SL,True,True,0.0,0.0,0.0,0.055168523438624106,0.0,True,True,True,True,True
89,LONG,2025-09-02 13:45:00+00:00,2025-09-04 15:15:00+00:00,111113.9,109284.4,0.109383,SL,89,LONG,2025-09-02 13:45:00+00:00,2025-09-04 15:15:00+00:00,111113.9,109284.45516852343,0.109382,SL,True,True,0.0,0.0,0.0,0.055168523438624106,-1.000000000001e-06,True,True,False,False,True
90,LONG,2025-09-04 22:30:00+00:00,2025-09-04 23:30:00+00:00,110709.5,110804.1,0.210232,BE,90,LONG,2025-09-04 22:30:00+00:00,2025-09-04 23:30:00+00:00,110709.5,110804.18290904014,0.210232,BE,True,True,0.0,0.0,0.0,0.08290904013847467,0.0,True,True,True,True,True
91,LONG,2025-09-04 22:30:00+00:00,2025-09-04 23:30:00+00:00,110709.5,110804.1,0.210232,BE,91,LONG,2025-09-04 22:30:00+00:00,2025-09-04 23:30:00+00:00,110709.5,110804.18290904014,0.210232,BE,True,True,0.0,0.0,0.0,0.08290904013847467,0.0,True,True,True,True,True
92,SHORT,2025-09-05 14:30:00+00:00,2025-09-08 15:15:00+00:00,110860.8,112760.7,0.078993,SL,92,SHORT,2025-09-05 14:30:00+00:00,2025-09-08 15:15:00+00:00,110860.8,112760.69543433996,0.078993,SL,True,True,0.0,0.0,0.0,-0.004565660041407682,0.0,True,True,True,True,True
93,SHORT,2025-09-05 14:30:00+00:00,2025-09-08 15:15:00+00:00,110860.8,112760.7,0.078993,SL,93,SHORT,2025-09-05 14:30:00+00:00,2025-09-08 15:15:00+00:00,110860.8,112760.69543433996,0.078993,SL,True,True,0.0,0.0,0.0,-0.004565660041407682,0.0,True,True,True,True,True
94,SHORT,2025-09-09 00:45:00+00:00,2025-09-09 06:00:00+00:00,111597.4,112376.0,0.192912,SL,94,SHORT,2025-09-09 00:45:00+00:00,2025-09-09 06:00:00+00:00,111597.4,112375.95576832347,0.192912,SL,True,True,0.0,0.0,0.0,-0.04423167652566917,0.0,True,True,True,True,True
95,SHORT,2025-09-09 00:45:00+00:00,2025-09-09 06:00:00+00:00,111597.4,112376.0,0.192912,SL,95,SHORT,2025-09-09 00:45:00+00:00,2025-09-09 06:00:00+00:00,111597.4,112375.95576832347,0.192912,SL,True,True,0.0,0.0,0.0,-0.04423167652566917,0.0,True,True,True,True,True
96,LONG,2025-09-09 06:00:00+00:00,2025-09-09 14:30:00+00:00,112650.6,111715.3,0.214079,SL,96,LONG,2025-09-09 06:00:00+00:00,2025-09-09 14:30:00+00:00,112650.6,111715.36553562326,0.214079,SL,True,True,0.0,0.0,0.0,0.06553562326007523,0.0,True,True,True,True,True
97,LONG,2025-09-09 06:00:00+00:00,2025-09-09 14:30:00+00:00,112650.6,111715.3,0.214079,SL,97,LONG,2025-09-09 06:00:00+00:00,2025-09-09 14:30:00+00:00,112650.6,111715.36553562326,0.214079,SL,True,True,0.0,0.0,0.0,0.06553562326007523,0.0,True,True,True,True,True
98,LONG,2025-09-10 06:45:00+00:00,2025-09-11 03:45:00+00:00,111743.3,114305.7,0.223728,TP1,98,LONG,2025-09-10 06:45:00+00:00,2025-09-11 03:45:00+00:00,111743.3,114305.1108956265,0.2237279999999999,TP1,True,True,0.0,0.0,0.0,-0.5891043735027779,-1.1102230246251565e-16,True,False,True,False,True
99,LONG,2025-09-10 06:45:00+00:00,2025-09-12 18:45:00+00:00,111743.3,116441.3,0.223728,TP2,99,LONG,2025-09-10 06:45:00+00:00,2025-09-12 18:45:00+00:00,111743.3,116440.7866419819,0.2237279999999999,TP2,True,True,0.0,0.0,0.0,-0.5133580180990975,-1.1102230246251565e-16,True,False,True,False,True
100,SHORT,2025-09-13 16:30:00+00:00,2025-09-14 02:00:00+00:00,115389.6,116072.6,0.216656,SL,100,SHORT,2025-09-13 16:30:00+00:00,2025-09-14 02:00:00+00:00,115389.6,116072.56154311867,0.216656,SL,True,True,0.0,0.0,0.0,-0.038456881331512704,0.0,True,True,True,True,True
101,SHORT,2025-09-13 16:30:00+00:00,2025-09-14 02:00:00+00:00,115389.6,116072.6,0.216656,SL,101,SHORT,2025-09-13 16:30:00+00:00,2025-09-14 02:00:00+00:00,115389.6,116072.56154311867,0.216656,SL,True,True,0.0,0.0,0.0,-0.038456881331512704,0.0,True,True,True,True,True
102,LONG,2025-09-14 02:15:00+00:00,2025-09-14 04:15:00+00:00,115953.0,115483.2,0.215605,SL,102,LONG,2025-09-14 02:15:00+00:00,2025-09-14 04:15:00+00:00,115953.0,115483.2097926495,0.215605,SL,True,True,0.0,0.0,0.0,0.009792649507289752,0.0,True,True,True,True,True
103,LONG,2025-09-14 02:15:00+00:00,2025-09-14 04:15:00+00:00,115953.0,115483.2,0.215606,SL,103,LONG,2025-09-14 02:15:00+00:00,2025-09-14 04:15:00+00:00,115953.0,115483.2097926495,0.215605,SL,True,True,0.0,0.0,0.0,0.009792649507289752,-1.000000000001e-06,True,True,False,False,True
104,SHORT,2025-09-14 04:30:00+00:00,2025-09-14 20:00:00+00:00,115723.4,115671.9,0.216031,BE,104,SHORT,2025-09-14 04:30:00+00:00,2025-09-14 20:00:00+00:00,115723.4,115671.83966348312,0.216031,BE,True,True,0.0,0.0,0.0,-0.0603365168790333,0.0,True,True,True,True,True
105,SHORT,2025-09-14 04:30:00+00:00,2025-09-14 20:00:00+00:00,115723.4,115671.9,0.216031,BE,105,SHORT,2025-09-14 04:30:00+00:00,2025-09-14 20:00:00+00:00,115723.4,115671.83966348312,0.216031,BE,True,True,0.0,0.0,0.0,-0.0603365168790333,0.0,True,True,True,True,True
106,LONG,2025-09-14 21:45:00+00:00,2025-09-14 23:15:00+00:00,116023.8,115445.1,0.215473,SL,106,LONG,2025-09-14 21:45:00+00:00,2025-09-14 23:15:00+00:00,116023.8,115445.13966637672,0.215473,SL,True,True,0.0,0.0,0.0,0.03966637671692297,0.0,True,True,True,True,True
107,LONG,2025-09-14 21:45:00+00:00,2025-09-14 23:15:00+00:00,116023.8,115445.1,0.215474,SL,107,LONG,2025-09-14 21:45:00+00:00,2025-09-14 23:15:00+00:00,116023.8,115445.13966637672,0.215473,SL,True,True,0.0,0.0,0.0,0.03966637671692297,-1.000000000001e-06,True,True,False,False,True
108,SHORT,2025-09-14 23:45:00+00:00,2025-09-15 04:15:00+00:00,115209.5,115959.5,0.200277,SL,108,SHORT,2025-09-14 23:45:00+00:00,2025-09-15 04:15:00+00:00,115209.5,115959.46061948004,0.2002769999999999,SL,True,True,0.0,0.0,0.0,-0.03938051995646674,-1.1102230246251565e-16,True,True,True,True,True
109,SHORT,2025-09-14 23:45:00+00:00,2025-09-15 04:15:00+00:00,115209.5,115959.5,0.200278,SL,109,SHORT,2025-09-14 23:45:00+00:00,2025-09-15 04:15:00+00:00,115209.5,115959.46061948004,0.2002769999999999,SL,True,True,0.0,0.0,0.0,-0.03938051995646674,-1.0000000001120224e-06,True,True,False,False,True
110,LONG,2025-09-15 05:00:00+00:00,2025-09-15 08:30:00+00:00,116120.8,115302.1,0.215293,SL,110,LONG,2025-09-15 05:00:00+00:00,2025-09-15 08:30:00+00:00,116120.8,115302.1153793505,0.2152929999999999,SL,True,True,0.0,0.0,0.0,0.01537935048690997,-1.1102230246251565e-16,True,True,True,True,True
111,LONG,2025-09-15 05:00:00+00:00,2025-09-15 08:30:00+00:00,116120.8,115302.1,0.215294,SL,111,LONG,2025-09-15 05:00:00+00:00,2025-09-15 08:30:00+00:00,116120.8,115302.1153793505,0.2152929999999999,SL,True,True,0.0,0.0,0.0,0.01537935048690997,-1.0000000001120224e-06,True,True,False,False,True
112,SHORT,2025-09-15 08:45:00+00:00,2025-09-16 06:00:00+00:00,114696.5,115913.0,0.123413,SL,112,SHORT,2025-09-15 08:45:00+00:00,2025-09-16 06:00:00+00:00,114696.5,115912.92581316528,0.123413,SL,True,True,0.0,0.0,0.0,-0.07418683472496923,0.0,True,True,True,True,True
113,SHORT,2025-09-15 08:45:00+00:00,2025-09-16 06:00:00+00:00,114696.5,115913.0,0.123414,SL,113,SHORT,2025-09-15 08:45:00+00:00,2025-09-16 06:00:00+00:00,114696.5,115912.92581316528,0.123413,SL,True,True,0.0,0.0,0.0,-0.07418683472496923,-1.000000000001e-06,True,True,False,False,True
114,SHORT,2025-09-16 14:00:00+00:00,2025-09-16 15:45:00+00:00,114938.7,115875.8,0.160252,SL,114,SHORT,2025-09-16 14:00:00+00:00,2025-09-16 15:45:00+00:00,114938.7,115875.72162437098,0.160252,SL,True,True,0.0,0.0,0.0,-0.07837562901841011,0.0,True,True,True,True,True
115,SHORT,2025-09-16 14:00:00+00:00,2025-09-16 15:45:00+00:00,114938.7,115875.8,0.160253,SL,115,SHORT,2025-09-16 14:00:00+00:00,2025-09-16 15:45:00+00:00,114938.7,115875.72162437098,0.160252,SL,True,True,0.0,0.0,0.0,-0.07837562901841011,-1.000000000001e-06,True,True,False,False,True
116,LONG,2025-09-16 16:00:00+00:00,2025-09-17 14:15:00+00:00,115717.6,115824.2,0.186803,BE,116,LONG,2025-09-16 16:00:00+00:00,2025-09-17 14:15:00+00:00,115717.6,115824.21458069888,0.186803,BE,True,True,0.0,0.0,0.0,0.014580698887584731,0.0,True,True,True,True,True
117,LONG,2025-09-16 16:00:00+00:00,2025-09-17 14:15:00+00:00,115717.6,115824.2,0.186803,BE,117,LONG,2025-09-16 16:00:00+00:00,2025-09-17 14:15:00+00:00,115717.6,115824.21458069888,0.186803,BE,True,True,0.0,0.0,0.0,0.014580698887584731,0.0,True,True,True,True,True
118,LONG,2025-09-17 23:00:00+00:00,2025-09-19 19:00:00+00:00,116761.5,115245.8,0.132047,SL,118,LONG,2025-09-17 23:00:00+00:00,2025-09-19 19:00:00+00:00,116761.5,115245.89583738057,0.132047,SL,True,True,0.0,0.0,0.0,0.09583738056244329,0.0,True,True,True,True,True
119,LONG,2025-09-17 23:00:00+00:00,2025-09-19 19:00:00+00:00,116761.5,115245.8,0.132048,SL,119,LONG,2025-09-17 23:00:00+00:00,2025-09-19 19:00:00+00:00,116761.5,115245.89583738057,0.132047,SL,True,True,0.0,0.0,0.0,0.09583738056244329,-1.000000000001e-06,True,True,False,False,True
120,LONG,2025-09-20 15:00:00+00:00,2025-09-20 18:00:00+00:00,116000.4,115714.4,0.215517,SL,120,LONG,2025-09-20 15:00:00+00:00,2025-09-20 18:00:00+00:00,116000.4,115714.4930424238,0.215517,SL,True,True,0.0,0.0,0.0,0.09304242380312644,0.0,True,True,True,True,True
121,LONG,2025-09-20 15:00:00+00:00,2025-09-20 18:00:00+00:00,116000.4,115714.4,0.215517,SL,121,LONG,2025-09-20 15:00:00+00:00,2025-09-20 18:00:00+00:00,116000.4,115714.4930424238,0.215517,SL,True,True,0.0,0.0,0.0,0.09304242380312644,0.0,True,True,True,True,True
122,SHORT,2025-09-20 23:45:00+00:00,2025-09-21 09:45:00+00:00,115624.4,115600.1,0.216216,BE,122,SHORT,2025-09-20 23:45:00+00:00,2025-09-21 09:45:00+00:00,115624.4,115600.05356376724,0.216216,BE,True,True,0.0,0.0,0.0,-0.04643623276206199,0.0,True,True,True,True,True
123,SHORT,2025-09-20 23:45:00+00:00,2025-09-21 09:45:00+00:00,115624.4,115600.1,0.216216,BE,123,SHORT,2025-09-20 23:45:00+00:00,2025-09-21 09:45:00+00:00,115624.4,115600.05356376724,0.216216,BE,True,True,0.0,0.0,0.0,-0.04643623276206199,0.0,True,True,True,True,True
124,LONG,2025-09-23 06:45:00+00:00,2025-09-23 17:45:00+00:00,112924.6,111899.4,0.195281,SL,124,LONG,2025-09-23 06:45:00+00:00,2025-09-23 17:45:00+00:00,112924.6,111899.437290492,0.1952809999999999,SL,True,True,0.0,0.0,0.0,0.037290492007741705,-1.1102230246251565e-16,True,True,True,True,True
125,LONG,2025-09-23 06:45:00+00:00,2025-09-23 17:45:00+00:00,112924.6,111899.4,0.195281,SL,125,LONG,2025-09-23 06:45:00+00:00,2025-09-23 17:45:00+00:00,112924.6,111899.437290492,0.1952809999999999,SL,True,True,0.0,0.0,0.0,0.037290492007741705,-1.1102230246251565e-16,True,True,True,True,True
126,SHORT,2025-09-23 17:45:00+00:00,2025-09-24 11:00:00+00:00,111918.7,113087.7,0.128431,SL,126,SHORT,2025-09-23 17:45:00+00:00,2025-09-24 11:00:00+00:00,111918.7,113087.63911179452,0.128431,SL,True,True,0.0,0.0,0.0,-0.060888205480296165,0.0,True,True,True,True,True
127,SHORT,2025-09-23 17:45:00+00:00,2025-09-24 11:00:00+00:00,111918.7,113087.7,0.128431,SL,127,SHORT,2025-09-23 17:45:00+00:00,2025-09-24 11:00:00+00:00,111918.7,113087.63911179452,0.128431,SL,True,True,0.0,0.0,0.0,-0.060888205480296165,0.0,True,True,True,True,True
128,SHORT,2025-09-25 01:45:00+00:00,2025-09-25 17:30:00+00:00,112615.2,109556.1,0.147081,TP1,128,SHORT,2025-09-25 01:45:00+00:00,2025-09-25 17:30:00+00:00,112615.2,109556.6776297804,0.147081,TP1,True,True,0.0,0.0,0.0,0.5776297803968191,0.0,True,False,True,False,True
129,SHORT,2025-09-25 01:45:00+00:00,2025-09-28 20:30:00+00:00,112615.2,110607.2,0.147082,TRAIL,129,SHORT,2025-09-25 01:45:00+00:00,2025-09-28 20:30:00+00:00,112615.2,110607.1815801464,0.147082,TRAIL,True,True,0.0,0.0,0.0,-0.018419853600789793,0.0,True,True,True,True,True
