Trade #,Type,Date and time,Signal,Price USDT,Position size (qty),Position size (value),Net P&L USDT,Net P&L %,Favorable excursion USDT,Favorable excursion %,Adverse excursion USDT,Adverse excursion %,Cumulative P&L USDT,Cumulative P&L %
1,Exit short,2025-07-02 07:30:00,SL,106868.2,0.120186,12693.937152600001,-160.34,-1.26,68.13,0.54,-155.2,-1.22,-165.42,-1.65
1,Entry short,2025-07-01 16:00:00,Short,105619.1,0.120186,12693.937152600001,-160.34,-1.26,68.13,0.54,-155.2,-1.22,-165.42,-1.65
2,Exit short,2025-07-02 07:30:00,SL,106868.2,0.120186,12693.937152600001,-160.34,-1.26,68.13,0.54,-155.2,-1.22,-320.68,-3.21
2,Entry short,2025-07-01 16:00:00,Short,105619.1,0.120186,12693.937152600001,-160.34,-1.26,68.13,0.54,-155.2,-1.22,-320.68,-3.21
3,Exit short,2025-07-06 14:45:00,BE,108746.8,0.220515,23995.1853645,-4.31,-0.02,346.38,1.44,-66.23,-0.28,-334.58,-3.35
3,Entry short,2025-07-04 08:30:00,Short,108814.3,0.220515,23995.1853645,-4.31,-0.02,346.38,1.44,-66.23,-0.28,-334.58,-3.35
4,Exit short,2025-07-06 14:45:00,BE,108746.8,0.220515,23995.1853645,-4.31,-0.02,346.38,1.44,-66.23,-0.28,-329.29,-3.29
4,Entry short,2025-07-04 08:30:00,Short,108814.3,0.220515,23995.1853645,-4.31,-0.02,346.38,1.44,-66.23,-0.28,-329.29,-3.29
5,Exit short,2025-07-08 01:15:00,BE,108327.2,0.230656,24999.881216,-6.43,-0.03,204.51,0.82,-62.17,-0.25,-345.72,-3.46
5,Entry short,2025-07-07 13:15:00,Short,108386,0.230656,24999.881216,-6.43,-0.03,204.51,0.82,-62.17,-0.25,-345.72,-3.46
6,Exit short,2025-07-08 01:15:00,BE,108327.2,0.230656,24999.881216,-6.43,-0.03,204.51,0.82,-62.17,-0.25,-342.15,-3.42
6,Entry short,2025-07-07 13:15:00,Short,108386,0.230656,24999.881216,-6.43,-0.03,204.51,0.82,-62.17,-0.25,-342.15,-3.42
7,Exit long,2025-07-08 15:45:00,SL,108198.4,0.229821,25000.0203084,-153.7,-0.61,81.84,0.33,-143.76,-0.57,-505.86,-5.06
7,Entry long,2025-07-08 11:45:00,Long,108780.4,0.229821,25000.0203084,-153.7,-0.61,81.84,0.33,-143.76,-0.57,-505.86,-5.06
8,Exit long,2025-07-08 15:45:00,SL,108198.4,0.229822,25000.1290888,-153.7,-0.61,81.84,0.33,-143.76,-0.57,-649.56,-6.5
8,Entry long,2025-07-08 11:45:00,Long,108780.4,0.229822,25000.1290888,-153.7,-0.61,81.84,0.33,-143.76,-0.57,-649.56,-6.5
9,Exit long,2025-07-09 15:15:00,BE,109053.8,0.229341,25000.095464399998,-9.59,-0.04,157.44,0.63,-28.19,-0.11,-669.15,-6.69
9,Entry long,2025-07-09 12:30:00,Long,109008.4,0.229341,25000.095464399998,-9.59,-0.04,157.44,0.63,-28.19,-0.11,-669.15,-6.69
10,Exit long,2025-07-09 15:15:00,BE,109053.8,0.229341,25000.095464399998,-9.59,-0.04,157.44,0.63,-28.19,-0.11,-668.74,-6.69
10,Entry long,2025-07-09 12:30:00,Long,109008.4,0.229341,25000.095464399998,-9.59,-0.04,157.44,0.63,-28.19,-0.11,-668.74,-6.69
11,Exit long,2025-07-10 22:15:00,TP1,115278.3,0.152922,17028.6598944,586.07,3.44,593.12,3.48,-147.96,-0.87,-89.49,-0.89
11,Entry long,2025-07-09 20:30:00,Long,111355.2,0.152922,17028.6598944,586.07,3.44,593.12,3.48,-147.96,-0.87,-89.49,-0.89
12,Exit long,2025-07-10 22:15:00,TRAIL,115689.6,0.152923,17028.7712496,648.94,3.81,932.87,5.48,-147.96,-0.87,566.26,5.66
12,Entry long,2025-07-09 20:30:00,Long,111355.2,0.152923,17028.7712496,648.94,3.81,932.87,5.48,-147.96,-0.87,566.26,5.66
13,Exit long,2025-07-13 15:15:00,TP1,119330.7,0.212027,25000.082367299998,281.13,1.12,291.25,1.16,-66.95,-0.27,837.39,8.37
13,Entry long,2025-07-13 08:30:00,Long,117909.9,0.212027,25000.082367299998,281.13,1.12,291.25,1.16,-66.95,-0.27,837.39,8.37
14,Exit long,2025-07-13 15:15:00,TRAIL,119119.6,0.212027,25000.082367299998,236.39,0.95,360.01,1.44,-66.95,-0.27,1083.78,10.84
14,Entry long,2025-07-13 08:30:00,Long,117909.9,0.212027,25000.082367299998,236.39,0.95,360.01,1.44,-66.95,-0.27,1083.78,10.84
15,Exit short,2025-07-15 23:30:00,BE,117759,0.086428,10192.635538800001,6.81,0.07,190.73,1.87,-53.14,-0.52,1086.51,10.87
15,Entry short,2025-07-15 03:15:00,Short,117932.1,0.086428,10192.635538800001,6.81,0.07,190.73,1.87,-53.14,-0.52,1086.51,10.87
16,Exit short,2025-07-15 23:30:00,BE,117759,0.086429,10192.753470900001,6.81,0.07,190.73,1.87,-53.14,-0.52,1097.4,10.97
16,Entry short,2025-07-15 03:15:00,Short,117932.1,0.086429,10192.753470900001,6.81,0.07,190.73,1.87,-53.14,-0.52,1097.4,10.97
17,Exit long,2025-07-16 16:15:00,BE,118794.1,0.207446,24623.4667972,0.19,0,215.96,0.88,-122.33,-0.5,1087.74,10.88
17,Entry long,2025-07-16 09:45:00,Long,118698.2,0.207446,24623.4667972,0.19,0,215.96,0.88,-122.33,-0.5,1087.74,10.88
18,Exit long,2025-07-16 16:15:00,BE,118794.1,0.207446,24623.4667972,0.19,0,215.96,0.88,-122.33,-0.5,1097.78,10.98
18,Entry long,2025-07-16 09:45:00,Long,118698.2,0.207446,24623.4667972,0.19,0,215.96,0.88,-122.33,-0.5,1097.78,10.98
19,Exit short,2025-07-17 19:15:00,SL,119426,0.103683,12232.3337106,-159.96,-1.31,53.73,0.44,-155.01,-1.27,932.93,9.33
19,Entry short,2025-07-17 04:00:00,Short,117978.2,0.103683,12232.3337106,-159.96,-1.31,53.73,0.44,-155.01,-1.27,932.93,9.33
20,Exit short,2025-07-17 19:15:00,SL,119426,0.103684,12232.4516888,-159.96,-1.31,53.73,0.44,-155.01,-1.27,777.86,7.78
20,Entry short,2025-07-17 04:00:00,Short,117978.2,0.103684,12232.4516888,-159.96,-1.31,53.73,0.44,-155.01,-1.27,777.86,7.78
21,Exit long,2025-07-18 15:15:00,SL,118142.4,0.129494,15498.8649226,-212.45,-1.37,157.43,1.02,-206.33,-1.33,559.21,5.59
21,Entry long,2025-07-17 19:15:00,Long,119687.9,0.129494,15498.8649226,-212.45,-1.37,157.43,1.02,-206.33,-1.33,559.21,5.59
22,Exit long,2025-07-18 15:15:00,SL,118142.4,0.129495,15498.9846105,-212.45,-1.37,157.43,1.02,-206.33,-1.33,352.95,3.53
22,Entry long,2025-07-17 19:15:00,Long,119687.9,0.129495,15498.9846105,-212.45,-1.37,157.43,1.02,-206.33,-1.33,352.95,3.53
23,Exit long,2025-07-20 22:00:00,SL,117814,0.210743,24999.9995297,-191.46,-0.77,38.2,0.15,-181.52,-0.73,151.5,1.51
23,Entry long,2025-07-20 15:15:00,Long,118627.9,0.210743,24999.9995297,-191.46,-0.77,38.2,0.15,-181.52,-0.73,151.5,1.51
24,Exit long,2025-07-20 22:00:00,SL,117814,0.210744,25000.118157599998,-191.46,-0.77,38.2,0.15,-181.52,-0.73,-29.96,-0.3
24,Entry long,2025-07-20 15:15:00,Long,118627.9,0.210744,25000.118157599998,-191.46,-0.77,38.2,0.15,-181.52,-0.73,-29.96,-0.3
25,Exit short,2025-07-21 04:30:00,SL,118562.4,0.112628,13203.324126000001,-160.74,-1.22,82.05,0.62,-155.4,-1.18,-195.98,-1.96
25,Entry short,2025-07-20 23:15:00,Short,117229.5,0.112628,13203.324126000001,-160.74,-1.22,82.05,0.62,-155.4,-1.18,-195.98,-1.96
26,Exit short,2025-07-21 04:30:00,SL,118562.4,0.112628,13203.324126000001,-160.74,-1.22,82.05,0.62,-155.4,-1.18,-351.45,-3.51
26,Entry short,2025-07-20 23:15:00,Short,117229.5,0.112628,13203.324126000001,-160.74,-1.22,82.05,0.62,-155.4,-1.18,-351.45,-3.51
27,Exit long,2025-07-21 17:15:00,SL,117660.7,0.17094,20313.090798,-216.34,-1.06,143.82,0.71,-208.3,-1.03,-575.91,-5.76
27,Entry long,2025-07-21 07:15:00,Long,118831.7,0.17094,20313.090798,-216.34,-1.06,143.82,0.71,-208.3,-1.03,-575.91,-5.76
28,Exit long,2025-07-21 17:15:00,SL,117660.7,0.170941,20313.2096297,-216.34,-1.06,143.82,0.71,-208.3,-1.03,-784.13,-7.84
28,Entry long,2025-07-21 07:15:00,Long,118831.7,0.170941,20313.2096297,-216.34,-1.06,143.82,0.71,-208.3,-1.03,-784.13,-7.84
29,Exit long,2025-07-23 04:45:00,BE,118682.8,0.130918,15517.775999000001,7.52,0.05,225.47,1.45,-148.78,-0.96,-782.82,-7.83
29,Entry long,2025-07-22 08:15:00,Long,118530.5,0.130918,15517.775999000001,7.52,0.05,225.47,1.45,-148.78,-0.96,-782.82,-7.83
30,Exit long,2025-07-23 04:45:00,BE,118682.8,0.130919,15517.894529500001,7.52,0.05,225.47,1.45,-148.78,-0.96,-769.1,-7.69
30,Entry long,2025-07-22 08:15:00,Long,118530.5,0.130919,15517.894529500001,7.52,0.05,225.47,1.45,-148.78,-0.96,-769.1,-7.69
31,Exit short,2025-07-23 16:45:00,BE,118313.7,0.159162,18845.9585988,-0.16,0,175.13,0.93,-40.63,-0.22,-776.79,-7.77
31,Entry short,2025-07-23 07:30:00,Short,118407.4,0.159162,18845.9585988,-0.16,0,175.13,0.93,-40.63,-0.22,-776.79,-7.77
32,Exit short,2025-07-23 16:45:00,BE,118313.7,0.159163,18846.077006199997,-0.16,0,175.13,0.93,-40.63,-0.22,-769.41,-7.69
32,Entry short,2025-07-23 07:30:00,Short,118407.4,0.159163,18846.077006199997,-0.16,0,175.13,0.93,-40.63,-0.22,-769.41,-7.69
33,Exit long,2025-07-24 06:00:00,SL,117774.9,0.161454,19215.3993738,-215.46,-1.12,32.79,0.17,-207.86,-1.08,-992.56,-9.93
33,Entry long,2025-07-24 01:30:00,Long,119014.7,0.161454,19215.3993738,-215.46,-1.12,32.79,0.17,-207.86,-1.08,-992.56,-9.93
34,Exit long,2025-07-24 06:00:00,SL,117774.9,0.161454,19215.3993738,-215.46,-1.12,32.79,0.17,-207.86,-1.08,-1200.34,-12
34,Entry long,2025-07-24 01:30:00,Long,119014.7,0.161454,19215.3993738,-215.46,-1.12,32.79,0.17,-207.86,-1.08,-1200.34,-12
35,Exit long,2025-07-25 01:30:00,SL,117805.4,0.139487,16632.4717261,-213.38,-1.28,12.4,0.07,-206.8,-1.24,-1420.37,-14.2
35,Entry long,2025-07-24 16:00:00,Long,119240.3,0.139487,16632.4717261,-213.38,-1.28,12.4,0.07,-206.8,-1.24,-1420.37,-14.2
36,Exit long,2025-07-25 01:30:00,SL,117805.4,0.139488,16632.5909664,-213.38,-1.28,12.4,0.07,-206.8,-1.24,-1627.09,-16.27
36,Entry long,2025-07-24 16:00:00,Long,119240.3,0.139488,16632.5909664,-213.38,-1.28,12.4,0.07,-206.8,-1.24,-1627.09,-16.27
37,Exit short,2025-07-25 12:15:00,TRAIL,116658.7,0.150761,17700.095205,98.4,0.56,405.66,2.29,-53.57,-0.3,-1535.77,-15.36
37,Entry short,2025-07-25 02:15:00,Short,117405,0.150761,17700.095205,98.4,0.56,405.66,2.29,-53.57,-0.3,-1535.77,-15.36
38,Exit short,2025-07-25 12:15:00,TRAIL,116658.7,0.150762,17700.212610000002,98.4,0.56,405.66,2.29,-53.58,-0.3,-1430.29,-14.3
38,Entry short,2025-07-25 02:15:00,Short,117405,0.150762,17700.212610000002,98.4,0.56,405.66,2.29,-53.58,-0.3,-1430.29,-14.3
39,Exit long,2025-07-29 16:30:00,BE,117355.7,0.145816,17092.405704,6.25,0.04,371.26,2.17,-51.31,-0.3,-1430.88,-14.31
39,Entry long,2025-07-25 21:30:00,Long,117219,0.145816,17092.405704,6.25,0.04,371.26,2.17,-51.31,-0.3,-1430.88,-14.31
40,Exit long,2025-07-29 16:30:00,BE,117355.7,0.145816,17092.405704,6.25,0.04,371.26,2.17,-51.31,-0.3,-1417.79,-14.18
40,Entry long,2025-07-25 21:30:00,Long,117219,0.145816,17092.405704,6.25,0.04,371.26,2.17,-51.31,-0.3,-1417.79,-14.18
41,Exit short,2025-07-30 15:45:00,SL,118651.1,0.119351,14011.0077483,-161.39,-1.15,50.53,0.36,-155.72,-1.11,-1584.78,-15.85
41,Entry short,2025-07-29 16:30:00,Short,117393.3,0.119351,14011.0077483,-161.39,-1.15,50.53,0.36,-155.72,-1.11,-1584.78,-15.85
42,Exit short,2025-07-30 15:45:00,SL,118651.1,0.119351,14011.0077483,-161.39,-1.15,50.53,0.36,-155.72,-1.11,-1740.57,-17.41
42,Entry short,2025-07-29 16:30:00,Short,117393.3,0.119351,14011.0077483,-161.39,-1.15,50.53,0.36,-155.72,-1.11,-1740.57,-17.41
43,Exit short,2025-07-31 01:00:00,SL,117876.2,0.090867,10560.9625548,-158.6,-1.5,8.02,0.08,-154.32,-1.46,-1903.4,-19.03
43,Entry short,2025-07-30 20:00:00,Short,116224.4,0.090867,10560.9625548,-158.6,-1.5,8.02,0.08,-154.32,-1.46,-1903.4,-19.03
44,Exit short,2025-07-31 01:00:00,SL,117876.2,0.090867,10560.9625548,-158.6,-1.5,8.02,0.08,-154.32,-1.46,-2057.77,-20.58
44,Entry short,2025-07-30 20:00:00,Short,116224.4,0.090867,10560.9625548,-158.6,-1.5,8.02,0.08,-154.32,-1.46,-2057.77,-20.58
45,Exit long,2025-07-31 20:00:00,SL,117348.8,0.196237,23228.377453,-218.7,-0.94,96.87,0.42,-209.49,-0.9,-2285.77,-22.86
45,Entry long,2025-07-31 01:45:00,Long,118369,0.196237,23228.377453,-218.7,-0.94,96.87,0.42,-209.49,-0.9,-2285.77,-22.86
46,Exit long,2025-07-31 20:00:00,SL,117348.8,0.196238,23228.495822,-218.7,-0.94,96.87,0.42,-209.49,-0.9,-2495.18,-24.95
46,Entry long,2025-07-31 01:45:00,Long,118369,0.196238,23228.495822,-218.7,-0.94,96.87,0.42,-209.49,-0.9,-2495.18,-24.95
47,Exit long,2025-08-05 13:30:00,BE,113576.7,0.187131,21233.8107093,2.92,0.01,406.13,1.91,-43.04,-0.2,-2500.76,-25.01
47,Entry long,2025-08-03 04:15:00,Long,113470.3,0.187131,21233.8107093,2.92,0.01,406.13,1.91,-43.04,-0.2,-2500.76,-25.01
48,Exit long,2025-08-05 13:30:00,BE,113576.7,0.187131,21233.8107093,2.92,0.01,406.13,1.91,-43.04,-0.2,-2489.35,-24.89
48,Entry long,2025-08-03 04:15:00,Long,113470.3,0.187131,21233.8107093,2.92,0.01,406.13,1.91,-43.04,-0.2,-2489.35,-24.89
49,Exit short,2025-08-06 15:45:00,SL,114638.9,0.105143,11903.3652016,-159.7,-1.34,61.35,0.52,-154.87,-1.3,-2653.81,-26.54
49,Entry short,2025-08-05 15:15:00,Short,113211.2,0.105143,11903.3652016,-159.7,-1.34,61.35,0.52,-154.87,-1.3,-2653.81,-26.54
50,Exit short,2025-08-06 15:45:00,SL,114638.9,0.105143,11903.3652016,-159.7,-1.34,61.35,0.52,-154.87,-1.3,-2808.74,-28.09
50,Entry short,2025-08-05 15:15:00,Short,113211.2,0.105143,11903.3652016,-159.7,-1.34,61.35,0.52,-154.87,-1.3,-2808.74,-28.09
51,Exit short,2025-08-07 09:00:00,SL,114913.3,0.218705,24999.8404925,-152.33,-0.61,0,0,-142.27,-0.57,-2971.07,-29.71
51,Entry short,2025-08-07 06:00:00,Short,114308.5,0.218705,24999.8404925,-152.33,-0.61,0,0,-142.27,-0.57,-2971.07,-29.71
52,Exit short,2025-08-07 09:00:00,SL,114913.3,0.218705,24999.8404925,-152.33,-0.61,0,0,-142.27,-0.57,-3113.39,-31.13
52,Entry short,2025-08-07 06:00:00,Short,114308.5,0.218705,24999.8404925,-152.33,-0.61,0,0,-142.27,-0.57,-3113.39,-31.13
53,Exit long,2025-08-08 16:00:00,TRAIL,116151.5,0.216539,25000.0555131,131.21,0.52,453.16,1.81,-16.04,-0.06,-2992.18,-29.92
53,Entry long,2025-08-07 11:00:00,Long,115452.9,0.216539,25000.0555131,131.21,0.52,453.16,1.81,-16.04,-0.06,-2992.18,-29.92
54,Exit long,2025-08-08 16:00:00,TRAIL,116151.5,0.216539,25000.0555131,131.21,0.52,453.16,1.81,-16.04,-0.06,-2850.97,-28.51
54,Entry long,2025-08-07 11:00:00,Long,115452.9,0.216539,25000.0555131,131.21,0.52,453.16,1.81,-16.04,-0.06,-2850.97,-28.51
55,Exit short,2025-08-09 10:00:00,SL,117218.6,0.151937,17659.6830911,-164.35,-0.93,50.72,0.29,-157.22,-0.89,-3022.38,-30.22
55,Entry short,2025-08-08 16:15:00,Short,116230.3,0.151937,17659.6830911,-164.35,-0.93,50.72,0.29,-157.22,-0.89,-3022.38,-30.22
56,Exit short,2025-08-09 10:00:00,SL,117218.6,0.151938,17659.799321399998,-164.35,-0.93,50.72,0.29,-157.22,-0.89,-3179.66,-31.8
56,Entry short,2025-08-08 16:15:00,Short,116230.3,0.151938,17659.799321399998,-164.35,-0.93,50.72,0.29,-157.22,-0.89,-3179.66,-31.8
57,Exit long,2025-08-10 06:15:00,BE,117951.6,0.212088,25000.021461599998,-3.91,-0.02,172.88,0.69,-89.68,-0.36,-3193.57,-31.94
57,Entry long,2025-08-10 04:00:00,Long,117875.7,0.212088,25000.021461599998,-3.91,-0.02,172.88,0.69,-89.68,-0.36,-3193.57,-31.94
58,Exit long,2025-08-10 06:15:00,BE,117951.6,0.212089,25000.1393373,-3.91,-0.02,172.88,0.69,-89.68,-0.36,-3187.48,-31.87
58,Entry long,2025-08-10 04:00:00,Long,117875.7,0.212089,25000.1393373,-3.91,-0.02,172.88,0.69,-89.68,-0.36,-3187.48,-31.87
59,Exit short,2025-08-12 17:00:00,SL,120160.4,0.101535,12050.37687,-159.81,-1.33,59.35,0.49,-154.93,-1.29,-3352.11,-33.52
59,Entry short,2025-08-11 21:00:00,Short,118682,0.101535,12050.37687,-159.81,-1.33,59.35,0.49,-154.93,-1.29,-3352.11,-33.52
60,Exit short,2025-08-12 17:00:00,SL,120160.4,0.101535,12050.37687,-159.81,-1.33,59.35,0.49,-154.93,-1.29,-3507.1,-35.07
60,Entry short,2025-08-11 21:00:00,Short,118682,0.101535,12050.37687,-159.81,-1.33,59.35,0.49,-154.93,-1.29,-3507.1,-35.07
61,Exit short,2025-08-13 11:00:00,SL,120221.1,0.13646,16255.224368000001,-163.21,-1,0,0,-156.65,-0.96,-3676.81,-36.77
61,Entry short,2025-08-13 07:15:00,Short,119120.8,0.13646,16255.224368000001,-163.21,-1,0,0,-156.65,-0.96,-3676.81,-36.77
62,Exit short,2025-08-13 11:00:00,SL,120221.1,0.13646,16255.224368000001,-163.21,-1,0,0,-156.65,-0.96,-3833.52,-38.34
62,Entry short,2025-08-13 07:15:00,Short,119120.8,0.13646,16255.224368000001,-163.21,-1,0,0,-156.65,-0.96,-3833.52,-38.34
63,Exit long,2025-08-13 16:15:00,BE,120455.7,0.194679,23430.299026499997,1.14,0,353.67,1.51,-65.32,-0.28,-3841.75,-38.42
63,Entry long,2025-08-13 11:15:00,Long,120353.5,0.194679,23430.299026499997,1.14,0,353.67,1.51,-65.32,-0.28,-3841.75,-38.42
64,Exit long,2025-08-13 16:15:00,BE,120455.7,0.19468,23430.41938,1.14,0,353.67,1.51,-65.32,-0.28,-3831.23,-38.31
64,Entry long,2025-08-13 11:15:00,Long,120353.5,0.19468,23430.41938,1.14,0,353.67,1.51,-65.32,-0.28,-3831.23,-38.31
65,Exit short,2025-08-14 13:30:00,TRAIL,119479,0.211059,25667.286002099998,429.81,1.67,876.58,3.41,-109.4,-0.43,-3401.42,-34.01
65,Entry short,2025-08-14 07:15:00,Short,121611.9,0.211059,25667.286002099998,429.81,1.67,876.58,3.41,-109.4,-0.43,-3401.42,-34.01
66,Exit long,2025-08-17 17:45:00,BE,117777,0.21234,25000.104708,-11.34,-0.05,164.5,0.66,-10.11,-0.04,-3422.76,-34.23
66,Entry long,2025-08-17 05:30:00,Long,117736.2,0.21234,25000.104708,-11.34,-0.05,164.5,0.66,-10.11,-0.04,-3422.76,-34.23
67,Exit long,2025-08-17 17:45:00,BE,117777,0.21234,25000.104708,-11.34,-0.05,164.5,0.66,-10.11,-0.04,-3424.1,-34.24
67,Entry long,2025-08-17 05:30:00,Long,117736.2,0.21234,25000.104708,-11.34,-0.05,164.5,0.66,-10.11,-0.04,-3424.1,-34.24
68,Exit short,2025-08-18 03:15:00,TP1,115760.1,0.212411,24999.882573799998,391.33,1.56,401.16,1.6,-62.93,-0.25,-3042.77,-30.43
68,Entry short,2025-08-17 18:00:00,Short,117695.8,0.212411,24999.882573799998,391.33,1.56,401.16,1.6,-62.93,-0.25,-3042.77,-30.43
69,Exit short,2025-08-18 16:45:00,TRAIL,115897.3,0.212411,24999.882573799998,362.17,1.45,646.52,2.59,-62.93,-0.25,-2670.6,-26.71
69,Entry short,2025-08-17 18:00:00,Short,117695.8,0.212411,24999.882573799998,362.17,1.45,646.52,2.59,-62.93,-0.25,-2670.6,-26.71
70,Exit long,2025-08-19 05:00:00,SL,114692.1,0.150307,17439.1893066,-214.04,-1.23,130.54,0.75,-207.14,-1.19,-2891.61,-28.92
70,Entry long,2025-08-18 17:00:00,Long,116023.8,0.150307,17439.1893066,-214.04,-1.23,130.54,0.75,-207.14,-1.19,-2891.61,-28.92
71,Exit long,2025-08-19 05:00:00,SL,114692.1,0.150308,17439.3053304,-214.04,-1.23,130.54,0.75,-207.14,-1.19,-3098.67,-30.99
71,Entry long,2025-08-18 17:00:00,Long,116023.8,0.150308,17439.3053304,-214.04,-1.23,130.54,0.75,-207.14,-1.19,-3098.67,-30.99
72,Exit long,2025-08-21 17:45:00,SL,112428.2,0.111871,12777.570007,-210.26,-1.64,57.54,0.45,-205.23,-1.61,-3314.04,-33.14
72,Entry long,2025-08-20 17:15:00,Long,114217,0.111871,12777.570007,-210.26,-1.64,57.54,0.45,-205.23,-1.61,-3314.04,-33.14
73,Exit long,2025-08-21 17:45:00,SL,112428.2,0.111871,12777.570007,-210.26,-1.64,57.54,0.45,-205.23,-1.61,-3519.18,-35.19
73,Entry long,2025-08-20 17:15:00,Long,114217,0.111871,12777.570007,-210.26,-1.64,57.54,0.45,-205.23,-1.61,-3519.18,-35.19
74,Exit long,2025-08-23 12:45:00,BE,115350.6,0.093216,10732.563983999999,11.36,0.11,206.46,1.92,-4.35,-0.04,-3512.11,-35.12
74,Entry long,2025-08-22 15:15:00,Long,115136.5,0.093216,10732.563983999999,11.36,0.11,206.46,1.92,-4.35,-0.04,-3512.11,-35.12
75,Exit long,2025-08-23 12:45:00,BE,115350.6,0.093217,10732.679120499999,11.36,0.11,206.46,1.92,-4.35,-0.04,-3496.46,-34.96
75,Entry long,2025-08-22 15:15:00,Long,115136.5,0.093217,10732.679120499999,11.36,0.11,206.46,1.92,-4.35,-0.04,-3496.46,-34.96
76,Exit short,2025-08-24 19:15:00,BE,114775.4,0.217703,24999.8804644,-7.06,-0.03,124.69,0.5,-67.73,-0.27,-3513.52,-35.14
76,Entry short,2025-08-24 07:45:00,Short,114834.8,0.217703,24999.8804644,-7.06,-0.03,124.69,0.5,-67.73,-0.27,-3513.52,-35.14
77,Exit short,2025-08-24 19:15:00,BE,114775.4,0.217703,24999.8804644,-7.06,-0.03,124.69,0.5,-67.73,-0.27,-3510.58,-35.11
77,Entry short,2025-08-24 07:45:00,Short,114834.8,0.217703,24999.8804644,-7.06,-0.03,124.69,0.5,-67.73,-0.27,-3510.58,-35.11
78,Exit long,2025-08-25 20:45:00,SL,110994.5,0.120749,13602.604273099998,-210.93,-1.55,8.17,0.06,-205.57,-1.51,-3726.95,-37.27
78,Entry long,2025-08-25 17:30:00,Long,112651.9,0.120749,13602.604273099998,-210.93,-1.55,8.17,0.06,-205.57,-1.51,-3726.95,-37.27
79,Exit long,2025-08-25 20:45:00,SL,110994.5,0.12075,13602.716924999999,-210.93,-1.55,8.17,0.06,-205.57,-1.51,-3932.45,-39.32
79,Entry long,2025-08-25 17:30:00,Long,112651.9,0.12075,13602.716924999999,-210.93,-1.55,8.17,0.06,-205.57,-1.51,-3932.45,-39.32
80,Exit short,2025-08-27 00:00:00,SL,111939.8,0.077382,8512.0432146,-156.95,-1.84,108.07,1.27,-153.49,-1.8,-4092.8,-40.93
80,Entry short,2025-08-25 21:00:00,Short,110000.3,0.077382,8512.0432146,-156.95,-1.84,108.07,1.27,-153.49,-1.8,-4092.8,-40.93
81,Exit short,2025-08-27 00:00:00,SL,111939.8,0.077382,8512.0432146,-156.95,-1.84,108.07,1.27,-153.49,-1.8,-4246.35,-42.46
81,Entry short,2025-08-25 21:00:00,Short,110000.3,0.077382,8512.0432146,-156.95,-1.84,108.07,1.27,-153.49,-1.8,-4246.35,-42.46
82,Exit short,2025-08-27 14:30:00,SL,111615.6,0.164866,18251.441070200002,-164.84,-0.9,0,0,-157.48,-0.86,-4418.49,-44.18
82,Entry short,2025-08-27 09:45:00,Short,110704.7,0.164866,18251.441070200002,-164.84,-0.9,0,0,-157.48,-0.86,-4418.49,-44.18
83,Exit short,2025-08-27 14:30:00,SL,111615.6,0.164866,18251.441070200002,-164.84,-0.9,0,0,-157.48,-0.86,-4576.03,-45.76
83,Entry short,2025-08-27 09:45:00,Short,110704.7,0.164866,18251.441070200002,-164.84,-0.9,0,0,-157.48,-0.86,-4576.03,-45.76
84,Exit long,2025-08-28 01:30:00,SL,110833,0.152951,17152.1851567,-213.81,-1.25,58.42,0.34,-207.03,-1.21,-4796.7,-47.97
84,Entry long,2025-08-27 15:15:00,Long,112141.7,0.152951,17152.1851567,-213.81,-1.25,58.42,0.34,-207.03,-1.21,-4796.7,-47.97
85,Exit long,2025-08-28 01:30:00,SL,110833,0.152951,17152.1851567,-213.81,-1.25,58.42,0.34,-207.03,-1.21,-5003.64,-50.04
85,Entry long,2025-08-27 15:15:00,Long,112141.7,0.152951,17152.1851567,-213.81,-1.25,58.42,0.34,-207.03,-1.21,-5003.64,-50.04
86,Exit long,2025-08-29 02:15:00,SL,111781.2,0.173993,19649.3252781,-215.82,-1.1,78.67,0.4,-208.04,-1.06,-5227.32,-52.27
86,Entry long,2025-08-28 05:45:00,Long,112931.7,0.173993,19649.3252781,-215.82,-1.1,78.67,0.4,-208.04,-1.06,-5227.32,-52.27
87,Exit long,2025-08-29 02:15:00,SL,111781.2,0.173994,19649.438209800002,-215.82,-1.1,78.67,0.4,-208.04,-1.06,-5435.28,-54.35
87,Entry long,2025-08-28 05:45:00,Long,112931.7,0.173994,19649.438209800002,-215.82,-1.1,78.67,0.4,-208.04,-1.06,-5435.28,-54.35
88,Exit short,2025-08-29 13:30:00,BE,110373.7,0.141233,15603.337100199999,2.45,0.02,151.85,0.97,-23.37,-0.15,-5439.07,-54.39
88,Entry short,2025-08-29 08:00:00,Short,110479.4,0.141233,15603.337100199999,2.45,0.02,151.85,0.97,-23.37,-0.15,-5439.07,-54.39
89,Exit short,2025-08-29 13:30:00,BE,110373.7,0.141234,15603.447579599999,2.45,0.02,151.86,0.97,-23.37,-0.15,-5430.38,-54.3
89,Entry short,2025-08-29 08:00:00,Short,110479.4,0.141234,15603.447579599999,2.45,0.02,151.86,0.97,-23.37,-0.15,-5430.38,-54.3
90,Exit short,2025-09-02 04:15:00,SL,110473.6,0.084961,9235.855426999999,-157.54,-1.71,123.36,1.34,-153.79,-1.66,-5591.61,-55.92
90,Entry short,2025-08-29 15:00:00,Short,108707,0.084961,9235.855426999999,-157.54,-1.71,123.36,1.34,-153.79,-1.66,-5591.61,-55.92
91,Exit short,2025-09-02 04:15:00,SL,110473.6,0.084961,9235.855426999999,-157.54,-1.71,123.36,1.34,-153.79,-1.66,-5745.46,-57.45
91,Entry short,2025-08-29 15:00:00,Short,108707,0.084961,9235.855426999999,-157.54,-1.71,123.36,1.34,-153.79,-1.66,-5745.46,-57.45
92,Exit long,2025-09-04 16:15:00,SL,109284.4,0.109382,12153.860609799998,-209.76,-1.73,151.26,1.24,-204.98,-1.69,-5960.08,-59.6
92,Entry long,2025-09-02 14:45:00,Long,111113.9,0.109382,12153.860609799998,-209.76,-1.73,151.26,1.24,-204.98,-1.69,-5960.08,-59.6
93,Exit long,2025-09-04 16:15:00,SL,109284.4,0.109383,12153.971723699999,-209.76,-1.73,151.26,1.24,-204.98,-1.69,-6164.98,-61.65
93,Entry long,2025-09-02 14:45:00,Long,111113.9,0.109383,12153.971723699999,-209.76,-1.73,151.26,1.24,-204.98,-1.69,-6164.98,-61.65
94,Exit long,2025-09-05 15:15:00,BE,111568.2,0.176543,19676.670682199998,4.16,0.02,325.6,1.65,-195.22,-0.99,-6168.68,-61.69
94,Entry long,2025-09-04 23:45:00,Long,111455.4,0.176543,19676.670682199998,4.16,0.02,325.6,1.65,-195.22,-0.99,-6168.68,-61.69
95,Exit long,2025-09-05 15:15:00,BE,111568.2,0.176544,19676.7821376,4.16,0.02,325.6,1.65,-195.22,-0.99,-6156.65,-61.57
95,Entry long,2025-09-04 23:45:00,Long,111455.4,0.176544,19676.7821376,4.16,0.02,325.6,1.65,-195.22,-0.99,-6156.65,-61.57
96,Exit short,2025-09-08 09:45:00,SL,111818,0.099722,11000.613041600001,-158.96,-1.44,41.75,0.38,-154.5,-1.4,-6320.01,-63.2
96,Entry short,2025-09-05 18:30:00,Short,110312.8,0.099722,11000.613041600001,-158.96,-1.44,41.75,0.38,-154.5,-1.4,-6320.01,-63.2
97,Exit short,2025-09-08 09:45:00,SL,111818,0.099722,11000.613041600001,-158.96,-1.44,41.75,0.38,-154.5,-1.4,-6474.57,-64.75
97,Entry short,2025-09-05 18:30:00,Short,110312.8,0.099722,11000.613041600001,-158.96,-1.44,41.75,0.38,-154.5,-1.4,-6474.57,-64.75
98,Exit short,2025-09-09 07:00:00,SL,112376,0.192912,21528.4776288,-167.48,-0.78,96.99,0.45,-158.81,-0.74,-6650.67,-66.51
98,Entry short,2025-09-09 01:45:00,Short,111597.4,0.192912,21528.4776288,-167.48,-0.78,96.99,0.45,-158.81,-0.74,-6650.67,-66.51
99,Exit short,2025-09-09 07:00:00,SL,112376,0.192912,21528.4776288,-167.48,-0.78,96.99,0.45,-158.81,-0.74,-6809.54,-68.1
99,Entry short,2025-09-09 01:45:00,Short,111597.4,0.192912,21528.4776288,-167.48,-0.78,96.99,0.45,-158.81,-0.74,-6809.54,-68.1
100,Exit long,2025-09-09 15:30:00,SL,111715.3,0.214079,24116.1277974,-219.44,-0.91,116.1,0.48,-209.87,-0.87,-7038.63,-70.39
100,Entry long,2025-09-09 07:00:00,Long,112650.6,0.214079,24116.1277974,-219.44,-0.91,116.1,0.48,-209.87,-0.87,-7038.63,-70.39
101,Exit long,2025-09-09 15:30:00,SL,111715.3,0.214079,24116.1277974,-219.44,-0.91,116.1,0.48,-209.87,-0.87,-7248.42,-72.48
101,Entry long,2025-09-09 07:00:00,Long,112650.6,0.214079,24116.1277974,-219.44,-0.91,116.1,0.48,-209.87,-0.87,-7248.42,-72.48
102,Exit short,2025-09-10 08:15:00,SL,112148,0.109459,12125.4958594,-159.87,-1.32,1.9,0.02,-154.96,-1.28,-7413.14,-74.13
102,Entry short,2025-09-09 16:30:00,Short,110776.6,0.109459,12125.4958594,-159.87,-1.32,1.9,0.02,-154.96,-1.28,-7413.14,-74.13
103,Exit short,2025-09-10 08:15:00,SL,112148,0.109459,12125.4958594,-159.87,-1.32,1.9,0.02,-154.96,-1.28,-7568.17,-75.68
103,Entry short,2025-09-09 16:30:00,Short,110776.6,0.109459,12125.4958594,-159.87,-1.32,1.9,0.02,-154.96,-1.28,-7568.17,-75.68
104,Exit short,2025-09-11 14:45:00,SL,114510.4,0.13958,15833.215426,-162.87,-1.03,6.79,0.04,-156.48,-0.99,-7737.37,-77.37
104,Entry short,2025-09-11 14:00:00,Short,113434.7,0.13958,15833.215426,-162.87,-1.03,6.79,0.04,-156.48,-0.99,-7737.37,-77.37
105,Exit short,2025-09-11 14:45:00,SL,114510.4,0.139581,15833.328860700001,-162.87,-1.03,6.79,0.04,-156.48,-0.99,-7893.91,-78.94
105,Entry short,2025-09-11 14:00:00,Short,113434.7,0.139581,15833.328860700001,-162.87,-1.03,6.79,0.04,-156.48,-0.99,-7893.91,-78.94
106,Exit long,2025-09-15 10:00:00,BE,114617.9,0.139982,16024.509441,7.11,0.04,313.37,1.95,-83.27,-0.52,-7893.22,-78.93
106,Entry long,2025-09-11 15:30:00,Long,114475.5,0.139982,16024.509441,7.11,0.04,313.37,1.95,-83.27,-0.52,-7893.22,-78.93
107,Exit long,2025-09-15 10:00:00,BE,114617.9,0.139983,16024.623916499999,7.11,0.04,313.37,1.95,-83.27,-0.52,-7879.7,-78.8
107,Entry long,2025-09-11 15:30:00,Long,114475.5,0.139983,16024.623916499999,7.11,0.04,313.37,1.95,-83.27,-0.52,-7879.7,-78.8
108,Exit long,2025-09-16 14:45:00,SL,114713.6,0.206676,23908.7550348,-219.25,-0.92,49.48,0.21,-209.77,-0.88,-8108.52,-81.09
108,Entry long,2025-09-16 06:15:00,Long,115682.3,0.206676,23908.7550348,-219.25,-0.92,49.48,0.21,-209.77,-0.88,-8108.52,-81.09
109,Exit long,2025-09-16 14:45:00,SL,114713.6,0.206676,23908.7550348,-219.25,-0.92,49.48,0.21,-209.77,-0.88,-8318.21,-83.18
109,Entry long,2025-09-16 06:15:00,Long,115682.3,0.206676,23908.7550348,-219.25,-0.92,49.48,0.21,-209.77,-0.88,-8318.21,-83.18
110,Exit long,2025-09-17 05:45:00,BE,116125.5,0.191369,22202.918433500003,2.13,0.01,194.05,0.87,-11.08,-0.05,-8324.96,-83.25
110,Entry long,2025-09-16 17:45:00,Long,116021.5,0.191369,22202.918433500003,2.13,0.01,194.05,0.87,-11.08,-0.05,-8324.96,-83.25
111,Exit long,2025-09-17 05:45:00,BE,116125.5,0.19137,22203.034455,2.13,0.01,194.05,0.87,-11.08,-0.05,-8313.94,-83.14
111,Entry long,2025-09-16 17:45:00,Long,116021.5,0.19137,22203.034455,2.13,0.01,194.05,0.87,-11.08,-0.05,-8313.94,-83.14
112,Exit short,2025-09-17 18:30:00,BE,116005.9,0.215382,24999.8410422,-5.74,-0.02,150.8,0.6,-56.46,-0.23,-8329.68,-83.3
112,Entry short,2025-09-17 14:00:00,Short,116072.1,0.215382,24999.8410422,-5.74,-0.02,150.8,0.6,-56.46,-0.23,-8329.68,-83.3
113,Exit short,2025-09-17 18:30:00,BE,116005.9,0.215382,24999.8410422,-5.74,-0.02,150.8,0.6,-56.46,-0.23,-8325.42,-83.25
113,Entry short,2025-09-17 14:00:00,Short,116072.1,0.215382,24999.8410422,-5.74,-0.02,150.8,0.6,-56.46,-0.23,-8325.42,-83.25
114,Exit long,2025-09-19 20:00:00,SL,115245.8,0.132047,15418.0057905,-212.4,-1.38,140.89,0.91,-206.31,-1.34,-8543.98,-85.44
114,Entry long,2025-09-18 00:00:00,Long,116761.5,0.132047,15418.0057905,-212.4,-1.38,140.89,0.91,-206.31,-1.34,-8543.98,-85.44
115,Exit long,2025-09-19 20:00:00,SL,115245.8,0.132048,15418.122552,-212.4,-1.38,140.89,0.91,-206.31,-1.34,-8750.21,-87.5
115,Entry long,2025-09-18 00:00:00,Long,116761.5,0.132048,15418.122552,-212.4,-1.38,140.89,0.91,-206.31,-1.34,-8750.21,-87.5
116,Exit long,2025-09-20 19:00:00,SL,115714.4,0.215517,25000.058206799997,-81.61,-0.33,2.67,0.01,-71.64,-0.29,-8841.83,-88.42
116,Entry long,2025-09-20 16:00:00,Long,116000.4,0.215517,25000.058206799997,-81.61,-0.33,2.67,0.01,-71.64,-0.29,-8841.83,-88.42
117,Exit long,2025-09-20 19:00:00,SL,115714.4,0.215517,25000.058206799997,-81.61,-0.33,2.67,0.01,-71.64,-0.29,-8913.44,-89.13
117,Entry long,2025-09-20 16:00:00,Long,116000.4,0.215517,25000.058206799997,-81.61,-0.33,2.67,0.01,-71.64,-0.29,-8913.44,-89.13
118,Exit short,2025-09-21 18:45:00,BE,115509,0.216383,24999.8531816,-14.33,-0.06,71.62,0.29,-62.54,-0.25,-8937.77,-89.38
118,Entry short,2025-09-21 01:15:00,Short,115535.2,0.216383,24999.8531816,-14.33,-0.06,71.62,0.29,-62.54,-0.25,-8937.77,-89.38
119,Exit short,2025-09-21 18:45:00,BE,115509,0.216383,24999.8531816,-14.33,-0.06,71.62,0.29,-62.54,-0.25,-8942.1,-89.42
119,Entry short,2025-09-21 01:15:00,Short,115535.2,0.216383,24999.8531816,-14.33,-0.06,71.62,0.29,-62.54,-0.25,-8942.1,-89.42
120,Exit long,2025-09-23 18:45:00,SL,111899.4,0.195281,22052.0288126,-217.76,-0.99,55.66,0.25,-209.02,-0.95,-9168.68,-91.69
120,Entry long,2025-09-23 07:45:00,Long,112924.6,0.195281,22052.0288126,-217.76,-0.99,55.66,0.25,-209.02,-0.95,-9168.68,-91.69
121,Exit long,2025-09-23 18:45:00,SL,111899.4,0.195281,22052.0288126,-217.76,-0.99,55.66,0.25,-209.02,-0.95,-9377.62,-93.78
121,Entry long,2025-09-23 07:45:00,Long,112924.6,0.195281,22052.0288126,-217.76,-0.99,55.66,0.25,-209.02,-0.95,-9377.62,-93.78
122,Exit long,2025-09-25 02:30:00,BE,112776.6,0.190291,21440.467552,2.74,0.01,224.3,1.05,-68.63,-0.32,-9383.46,-93.83
122,Entry long,2025-09-24 07:00:00,Long,112672,0.190291,21440.467552,2.74,0.01,224.3,1.05,-68.63,-0.32,-9383.46,-93.83
123,Exit long,2025-09-25 02:30:00,BE,112776.6,0.190292,21440.580223999998,2.74,0.01,224.3,1.05,-68.63,-0.32,-9372.14,-93.72
123,Entry long,2025-09-24 07:00:00,Long,112672,0.190292,21440.580223999998,2.74,0.01,224.3,1.05,-68.63,-0.32,-9372.14,-93.72
